State,Date,Total_Prisoner_Cases,Total_Prisoner_Deaths
Wyoming,2021-03-16,846.0,3.0
Wyoming,2021-03-09,795.0,3.0
Wyoming,2021-03-02,789.0,3.0
Wyoming,2021-02-23,770.0,3.0
Wyoming,2021-02-16,742.0,3.0
Wyoming,2021-01-19,627.0,1.0
Wyoming,2021-01-12,561.0,1.0
Wyoming,2021-01-05,569.0,1.0
Wyoming,2020-12-29,560.0,1.0
Wyoming,2020-12-22,524.0,1.0
Wyoming,2020-12-18,523.0,0.0
Wyoming,2020-12-08,448.0,0.0
Wyoming,2020-11-30,436.0,0.0
Wyoming,2020-11-24,420.0,0.0
Wyoming,2020-11-17,391.0,0.0
Wyoming,2020-11-10,304.0,0.0
Wyoming,2020-11-03,198.0,0.0
Wyoming,2020-10-29,119.0,0.0
Wyoming,2020-10-20,108.0,0.0
Wyoming,2020-10-13,108.0,0.0
Wyoming,2020-10-06,108.0,0.0
Wyoming,2020-10-02,107.0,0.0
Wyoming,2020-09-25,107.0,0.0
Wyoming,2020-09-15,107.0,0.0
Wyoming,2020-09-08,105.0,0.0
Wyoming,2020-09-02,105.0,0.0
Wyoming,2020-08-27,101.0,0.0
Wyoming,2020-08-18,92.0,0.0
Wyoming,2020-08-13,31.0,0.0
Wyoming,2020-08-03,18.0,0.0
Wyoming,2020-07-28,15.0,0.0
Wyoming,2020-07-22,3.0,0.0
Wyoming,2020-07-14,0.0,0.0
Wyoming,2020-07-06,0.0,0.0
Wyoming,2020-07-02,0.0,0.0
Wyoming,2020-06-26,0.0,0.0
Wyoming,2020-06-17,0.0,0.0
Wyoming,2020-06-09,0.0,0.0
Wyoming,2020-06-05,0.0,0.0
Wyoming,2020-05-29,0.0,0.0
Wyoming,2020-05-20,0.0,0.0
Wyoming,2020-05-14,0.0,0.0
Wyoming,2020-05-08,0.0,0.0
Wyoming,2020-04-29,0.0,0.0
Wyoming,2020-04-22,0.0,0.0
Wyoming,2020-04-15,0.0,0.0
Wyoming,2020-04-08,0.0,0.0
Wyoming,2020-04-01,0.0,0.0
Wyoming,2020-03-26,0.0,0.0
Wisconsin,2021-03-16,10888.0,25.0
Wisconsin,2021-03-09,10875.0,25.0
Wisconsin,2021-03-02,10859.0,25.0
Wisconsin,2021-02-23,10839.0,25.0
Wisconsin,2021-02-16,10831.0,25.0
Wisconsin,2021-02-09,10788.0,25.0
Wisconsin,2021-02-02,10783.0,25.0
Wisconsin,2021-01-26,10745.0,25.0
Wisconsin,2021-01-19,10642.0,25.0
Wisconsin,2021-01-12,10544.0,25.0
Wisconsin,2021-01-05,10476.0,23.0
Wisconsin,2020-12-29,10246.0,23.0
Wisconsin,2020-12-22,9639.0,19.0
Wisconsin,2020-12-15,9566.0,19.0
Wisconsin,2020-12-08,9395.0,16.0
Wisconsin,2020-12-01,8458.0,11.0
Wisconsin,2020-11-24,8226.0,11.0
Wisconsin,2020-11-17,7047.0,10.0
Wisconsin,2020-11-10,5745.0,10.0
Wisconsin,2020-11-03,4749.0,10.0
Wisconsin,2020-10-27,3845.0,3.0
Wisconsin,2020-10-20,2973.0,3.0
Wisconsin,2020-10-13,2542.0,3.0
Wisconsin,2020-10-06,2000.0,2.0
Wisconsin,2020-09-29,1573.0,0.0
Wisconsin,2020-09-22,1077.0,0.0
Wisconsin,2020-09-15,953.0,0.0
Wisconsin,2020-09-08,898.0,0.0
Wisconsin,2020-09-01,773.0,0.0
Wisconsin,2020-08-25,624.0,0.0
Wisconsin,2020-08-18,383.0,0.0
Wisconsin,2020-08-11,319.0,0.0
Wisconsin,2020-08-04,307.0,0.0
Wisconsin,2020-07-28,299.0,0.0
Wisconsin,2020-07-21,296.0,0.0
Wisconsin,2020-07-14,291.0,0.0
Wisconsin,2020-07-07,283.0,0.0
Wisconsin,2020-06-30,278.0,0.0
Wisconsin,2020-06-23,270.0,0.0
Wisconsin,2020-06-16,264.0,0.0
Wisconsin,2020-06-09,260.0,0.0
Wisconsin,2020-06-02,258.0,0.0
Wisconsin,2020-05-27,65.0,0.0
Wisconsin,2020-05-20,40.0,0.0
Wisconsin,2020-05-13,20.0,0.0
Wisconsin,2020-05-06,20.0,0.0
Wisconsin,2020-04-29,18.0,0.0
Wisconsin,2020-04-22,13.0,0.0
Wisconsin,2020-04-15,10.0,0.0
Wisconsin,2020-04-08,4.0,0.0
Wisconsin,2020-04-01,0.0,0.0
Wisconsin,2020-03-26,0.0,0.0
West Virginia,2021-03-16,1554.0,9.0
West Virginia,2021-03-09,1553.0,8.0
West Virginia,2021-03-02,1553.0,8.0
West Virginia,2021-02-23,1553.0,8.0
West Virginia,2021-02-16,1553.0,8.0
West Virginia,2021-02-09,1550.0,4.0
West Virginia,2021-02-02,1548.0,4.0
West Virginia,2021-01-26,1545.0,4.0
West Virginia,2021-01-19,1397.0,4.0
West Virginia,2021-01-12,1302.0,4.0
West Virginia,2021-01-05,1224.0,4.0
West Virginia,2020-12-29,1205.0,4.0
West Virginia,2020-12-22,965.0,4.0
West Virginia,2020-12-15,900.0,4.0
West Virginia,2020-12-08,848.0,4.0
West Virginia,2020-12-01,734.0,3.0
West Virginia,2020-11-24,650.0,2.0
West Virginia,2020-11-17,606.0,2.0
West Virginia,2020-11-10,440.0,2.0
West Virginia,2020-11-03,384.0,2.0
West Virginia,2020-10-27,337.0,2.0
West Virginia,2020-10-20,336.0,1.0
West Virginia,2020-10-13,327.0,1.0
West Virginia,2020-10-06,326.0,1.0
West Virginia,2020-09-29,325.0,1.0
West Virginia,2020-09-22,322.0,1.0
West Virginia,2020-09-15,316.0,1.0
West Virginia,2020-09-08,292.0,0.0
West Virginia,2020-09-01,269.0,0.0
West Virginia,2020-08-25,130.0,0.0
West Virginia,2020-08-18,127.0,0.0
West Virginia,2020-08-11,126.0,0.0
West Virginia,2020-08-04,126.0,0.0
West Virginia,2020-07-28,126.0,0.0
West Virginia,2020-07-21,126.0,0.0
West Virginia,2020-07-14,126.0,0.0
West Virginia,2020-07-07,126.0,0.0
West Virginia,2020-06-30,126.0,0.0
West Virginia,2020-06-09,122.0,0.0
West Virginia,2020-06-02,119.0,0.0
West Virginia,2020-05-27,102.0,0.0
West Virginia,2020-05-20,2.0,0.0
West Virginia,2020-05-13,0.0,0.0
West Virginia,2020-05-06,0.0,0.0
West Virginia,2020-04-29,0.0,0.0
West Virginia,2020-04-22,0.0,0.0
West Virginia,2020-04-15,0.0,0.0
West Virginia,2020-04-08,0.0,0.0
West Virginia,2020-04-01,0.0,0.0
West Virginia,2020-03-26,0.0,0.0
Washington,2021-03-16,6185.0,14.0
Washington,2021-03-09,6184.0,14.0
Washington,2021-03-02,6176.0,14.0
Washington,2021-02-23,6157.0,14.0
Washington,2021-02-16,6116.0,14.0
Washington,2021-02-09,6066.0,13.0
Washington,2021-02-02,5940.0,10.0
Washington,2021-01-26,5825.0,10.0
Washington,2021-01-19,5670.0,9.0
Washington,2021-01-12,5372.0,8.0
Washington,2021-01-05,4934.0,7.0
Washington,2020-12-29,4330.0,5.0
Washington,2020-12-22,3630.0,5.0
Washington,2020-12-15,2630.0,4.0
Washington,2020-12-08,2069.0,3.0
Washington,2020-12-01,936.0,3.0
Washington,2020-11-24,731.0,3.0
Washington,2020-11-17,610.0,2.0
Washington,2020-11-10,537.0,2.0
Washington,2020-11-03,531.0,2.0
Washington,2020-10-27,516.0,2.0
Washington,2020-10-20,499.0,2.0
Washington,2020-10-13,492.0,2.0
Washington,2020-10-06,486.0,2.0
Washington,2020-09-29,472.0,2.0
Washington,2020-09-22,454.0,2.0
Washington,2020-09-17,454.0,2.0
Washington,2020-09-08,451.0,2.0
Washington,2020-09-01,447.0,2.0
Washington,2020-08-25,431.0,2.0
Washington,2020-08-18,424.0,2.0
Washington,2020-08-11,377.0,2.0
Washington,2020-08-04,360.0,2.0
Washington,2020-07-28,315.0,2.0
Washington,2020-07-21,303.0,2.0
Washington,2020-07-14,277.0,2.0
Washington,2020-07-07,255.0,2.0
Washington,2020-06-30,204.0,2.0
Washington,2020-06-23,131.0,1.0
Washington,2020-06-16,112.0,0.0
Washington,2020-06-09,82.0,0.0
Washington,2020-05-20,34.0,0.0
Washington,2020-05-13,26.0,0.0
Washington,2020-05-06,24.0,0.0
Washington,2020-04-29,18.0,0.0
Washington,2020-04-22,13.0,0.0
Washington,2020-04-15,11.0,0.0
Washington,2020-04-08,7.0,0.0
Washington,2020-04-01,1.0,0.0
Washington,2020-03-26,0.0,0.0
Virginia,2021-03-16,9005.0,56.0
Virginia,2021-03-09,8993.0,56.0
Virginia,2021-03-02,8988.0,55.0
Virginia,2021-02-23,8987.0,55.0
Virginia,2021-02-16,8977.0,54.0
Virginia,2021-02-09,8865.0,54.0
Virginia,2021-02-04,8607.0,54.0
Virginia,2021-01-26,8302.0,53.0
Virginia,2021-01-20,8107.0,52.0
Virginia,2021-01-12,7784.0,50.0
Virginia,2021-01-05,7495.0,47.0
Virginia,2020-12-29,7080.0,45.0
Virginia,2020-12-22,6740.0,39.0
Virginia,2020-12-15,6132.0,35.0
Virginia,2020-12-09,5213.0,35.0
Virginia,2020-12-02,4706.0,34.0
Virginia,2020-11-24,4590.0,34.0
Virginia,2020-11-17,4260.0,34.0
Virginia,2020-11-10,4190.0,33.0
Virginia,2020-11-03,3971.0,33.0
Virginia,2020-10-28,3919.0,33.0
Virginia,2020-10-21,3856.0,33.0
Virginia,2020-10-13,3719.0,33.0
Virginia,2020-10-06,3698.0,33.0
Virginia,2020-09-29,3639.0,31.0
Virginia,2020-09-22,3542.0,24.0
Virginia,2020-09-15,3127.0,19.0
Virginia,2020-09-08,2972.0,15.0
Virginia,2020-09-01,2710.0,14.0
Virginia,2020-08-25,2621.0,13.0
Virginia,2020-08-18,2555.0,13.0
Virginia,2020-08-13,2406.0,13.0
Virginia,2020-08-04,2151.0,13.0
Virginia,2020-07-29,1876.0,13.0
Virginia,2020-07-21,1821.0,13.0
Virginia,2020-07-14,1530.0,11.0
Virginia,2020-07-07,1516.0,11.0
Virginia,2020-06-30,1512.0,11.0
Virginia,2020-06-23,1494.0,10.0
Virginia,2020-06-16,1328.0,9.0
Virginia,2020-06-09,1295.0,9.0
Virginia,2020-06-01,1228.0,9.0
Virginia,2020-05-27,1149.0,6.0
Virginia,2020-05-20,902.0,5.0
Virginia,2020-05-13,725.0,5.0
Virginia,2020-05-06,580.0,3.0
Virginia,2020-04-29,479.0,3.0
Virginia,2020-04-22,236.0,1.0
Virginia,2020-04-15,53.0,1.0
Virginia,2020-04-09,21.0,0.0
Virginia,2020-04-01,3.0,0.0
Virginia,2020-03-26,0.0,0.0
Vermont,2021-03-16,443.0,0.0
Vermont,2021-03-09,411.0,0.0
Vermont,2021-03-03,402.0,0.0
Vermont,2021-02-23,275.0,0.0
Vermont,2021-02-16,265.0,0.0
Vermont,2021-02-09,252.0,0.0
Vermont,2021-02-02,247.0,0.0
Vermont,2021-01-26,244.0,0.0
Vermont,2021-01-19,244.0,0.0
Vermont,2021-01-12,243.0,0.0
Vermont,2021-01-05,243.0,0.0
Vermont,2020-12-29,242.0,0.0
Vermont,2020-12-22,242.0,0.0
Vermont,2020-12-15,241.0,0.0
Vermont,2020-12-08,241.0,0.0
Vermont,2020-12-01,241.0,0.0
Vermont,2020-11-24,241.0,0.0
Vermont,2020-11-17,240.0,0.0
Vermont,2020-11-10,240.0,0.0
Vermont,2020-11-03,240.0,0.0
Vermont,2020-10-27,240.0,0.0
Vermont,2020-10-20,240.0,0.0
Vermont,2020-10-13,240.0,0.0
Vermont,2020-10-06,240.0,0.0
Vermont,2020-09-29,240.0,0.0
Vermont,2020-09-22,240.0,0.0
Vermont,2020-09-15,240.0,0.0
Vermont,2020-09-08,240.0,0.0
Vermont,2020-09-01,240.0,0.0
Vermont,2020-08-25,240.0,0.0
Vermont,2020-08-18,239.0,0.0
Vermont,2020-08-11,201.0,0.0
Vermont,2020-08-04,149.0,0.0
Vermont,2020-07-28,48.0,0.0
Vermont,2020-07-21,48.0,0.0
Vermont,2020-07-14,47.0,0.0
Vermont,2020-07-07,47.0,0.0
Vermont,2020-06-30,47.0,0.0
Vermont,2020-06-24,47.0,0.0
Vermont,2020-06-16,45.0,0.0
Vermont,2020-06-09,45.0,0.0
Vermont,2020-06-02,45.0,0.0
Vermont,2020-05-27,45.0,0.0
Vermont,2020-05-20,45.0,0.0
Vermont,2020-05-13,45.0,0.0
Vermont,2020-05-06,45.0,0.0
Vermont,2020-04-29,38.0,0.0
Vermont,2020-04-22,38.0,0.0
Vermont,2020-04-14,33.0,0.0
Vermont,2020-04-09,1.0,0.0
Vermont,2020-04-02,0.0,0.0
Vermont,2020-03-26,0.0,0.0
Utah,2021-03-15,3439.0,15.0
Utah,2021-03-08,3432.0,15.0
Utah,2021-03-01,3399.0,15.0
Utah,2021-02-22,3306.0,15.0
Utah,2021-02-15,3261.0,15.0
Utah,2021-02-09,3192.0,15.0
Utah,2021-02-02,3147.0,15.0
Utah,2021-01-26,3122.0,15.0
Utah,2021-01-20,3101.0,15.0
Utah,2021-01-11,3057.0,15.0
Utah,2021-01-06,3017.0,15.0
Utah,2020-12-29,2867.0,12.0
Utah,2020-12-21,2627.0,11.0
Utah,2020-12-16,2282.0,10.0
Utah,2020-12-08,1906.0,9.0
Utah,2020-11-30,1461.0,9.0
Utah,2020-11-25,1289.0,9.0
Utah,2020-11-09,886.0,0.0
Utah,2020-11-03,642.0,0.0
Utah,2020-10-27,347.0,0.0
Utah,2020-10-14,343.0,0.0
Utah,2020-10-07,271.0,0.0
Utah,2020-09-29,120.0,0.0
Utah,2020-09-21,66.0,0.0
Utah,2020-09-14,63.0,0.0
Utah,2020-09-08,60.0,0.0
Utah,2020-09-01,46.0,0.0
Utah,2020-08-24,46.0,0.0
Utah,2020-08-18,46.0,0.0
Utah,2020-08-10,46.0,0.0
Utah,2020-08-03,43.0,0.0
Utah,2020-07-29,41.0,0.0
Utah,2020-07-20,38.0,0.0
Utah,2020-07-13,38.0,0.0
Utah,2020-07-06,30.0,0.0
Utah,2020-06-30,28.0,0.0
Utah,2020-06-22,14.0,0.0
Utah,2020-06-15,14.0,0.0
Utah,2020-06-09,14.0,0.0
Utah,2020-06-02,11.0,0.0
Utah,2020-05-27,10.0,0.0
Utah,2020-05-20,10.0,0.0
Utah,2020-05-13,10.0,0.0
Utah,2020-05-06,10.0,0.0
Utah,2020-04-29,10.0,0.0
Utah,2020-04-22,10.0,0.0
Utah,2020-04-15,9.0,0.0
Utah,2020-04-08,2.0,0.0
Utah,2020-03-26,0.0,0.0
Texas,2021-03-16,34309.0,187.0
Texas,2021-03-09,34227.0,187.0
Texas,2021-03-02,34078.0,187.0
Texas,2021-02-23,33980.0,187.0
Texas,2021-02-17,33882.0,187.0
Texas,2021-02-09,33742.0,187.0
Texas,2021-02-02,33246.0,187.0
Texas,2021-01-26,32622.0,181.0
Texas,2021-01-19,32284.0,177.0
Texas,2021-01-12,31322.0,177.0
Texas,2021-01-05,30115.0,177.0
Texas,2020-12-29,28421.0,177.0
Texas,2020-12-22,27640.0,177.0
Texas,2020-12-15,27171.0,172.0
Texas,2020-12-08,26807.0,167.0
Texas,2020-12-01,26473.0,167.0
Texas,2020-11-24,26373.0,167.0
Texas,2020-11-17,25781.0,165.0
Texas,2020-11-10,25548.0,163.0
Texas,2020-11-03,23429.0,163.0
Texas,2020-10-27,23362.0,163.0
Texas,2020-10-20,23283.0,157.0
Texas,2020-10-13,23137.0,157.0
Texas,2020-10-06,23065.0,157.0
Texas,2020-09-29,22746.0,157.0
Texas,2020-09-22,21653.0,151.0
Texas,2020-09-15,21562.0,151.0
Texas,2020-09-08,21399.0,142.0
Texas,2020-09-01,20617.0,136.0
Texas,2020-08-25,19599.0,132.0
Texas,2020-08-18,18756.0,119.0
Texas,2020-08-11,18495.0,111.0
Texas,2020-08-04,17068.0,111.0
Texas,2020-07-28,15241.0,101.0
Texas,2020-07-21,13454.0,94.0
Texas,2020-07-14,12071.0,94.0
Texas,2020-07-07,9592.0,88.0
Texas,2020-06-29,8240.0,79.0
Texas,2020-06-23,7575.0,69.0
Texas,2020-06-16,7467.0,54.0
Texas,2020-06-09,6998.0,46.0
Texas,2020-06-02,6592.0,40.0
Texas,2020-05-27,4440.0,36.0
Texas,2020-05-20,2214.0,32.0
Texas,2020-05-14,1798.0,30.0
Texas,2020-05-06,1336.0,23.0
Texas,2020-04-29,1050.0,12.0
Texas,2020-04-22,594.0,5.0
Texas,2020-04-15,284.0,4.0
Texas,2020-04-08,47.0,1.0
Texas,2020-04-01,3.0,0.0
Texas,2020-03-26,1.0,0.0
Tennessee,2021-03-16,6620.0,42.0
Tennessee,2021-03-09,6613.0,42.0
Tennessee,2021-03-04,6597.0,42.0
Tennessee,2021-02-24,6580.0,42.0
Tennessee,2021-02-17,6575.0,41.0
Tennessee,2021-02-09,6555.0,41.0
Tennessee,2021-02-02,6540.0,41.0
Tennessee,2021-01-26,6469.0,39.0
Tennessee,2021-01-19,6439.0,38.0
Tennessee,2021-01-12,6392.0,35.0
Tennessee,2021-01-05,6353.0,34.0
Tennessee,2020-12-29,6211.0,32.0
Tennessee,2020-12-22,6194.0,31.0
Tennessee,2020-12-15,6137.0,29.0
Tennessee,2020-12-09,6075.0,28.0
Tennessee,2020-12-02,6025.0,28.0
Tennessee,2020-11-17,5941.0,27.0
Tennessee,2020-11-10,5705.0,27.0
Tennessee,2020-11-06,5705.0,27.0
Tennessee,2020-10-27,5686.0,27.0
Tennessee,2020-10-20,5613.0,27.0
Tennessee,2020-10-15,5586.0,25.0
Tennessee,2020-10-07,5555.0,22.0
Tennessee,2020-09-30,5329.0,20.0
Tennessee,2020-09-22,5328.0,17.0
Tennessee,2020-09-15,5183.0,16.0
Tennessee,2020-09-09,4986.0,15.0
Tennessee,2020-09-01,4560.0,12.0
Tennessee,2020-08-25,3367.0,9.0
Tennessee,2020-08-18,3318.0,9.0
Tennessee,2020-08-11,3267.0,8.0
Tennessee,2020-08-04,3221.0,5.0
Tennessee,2020-07-28,3213.0,5.0
Tennessee,2020-07-21,3195.0,4.0
Tennessee,2020-07-13,3186.0,4.0
Tennessee,2020-07-07,3184.0,4.0
Tennessee,2020-06-30,3173.0,4.0
Tennessee,2020-06-23,3171.0,4.0
Tennessee,2020-06-16,3137.0,4.0
Tennessee,2020-06-09,3079.0,4.0
Tennessee,2020-06-03,2888.0,4.0
Tennessee,2020-05-27,2661.0,4.0
Tennessee,2020-05-20,2649.0,4.0
Tennessee,2020-05-13,2574.0,3.0
Tennessee,2020-05-05,1959.0,1.0
Tennessee,2020-04-29,759.0,0.0
Tennessee,2020-04-22,211.0,0.0
Tennessee,2020-04-15,7.0,0.0
Tennessee,2020-04-09,1.0,0.0
Tennessee,2020-04-01,0.0,0.0
Tennessee,2020-03-26,0.0,0.0
South Dakota,2021-03-16,2340.0,7.0
South Dakota,2021-03-09,2340.0,7.0
South Dakota,2021-02-23,2337.0,7.0
South Dakota,2021-02-16,2337.0,7.0
South Dakota,2021-02-09,2337.0,7.0
South Dakota,2021-02-02,2337.0,7.0
South Dakota,2021-01-26,2337.0,7.0
South Dakota,2021-01-19,2336.0,6.0
South Dakota,2021-01-12,2336.0,6.0
South Dakota,2021-01-05,2333.0,6.0
South Dakota,2020-12-29,2329.0,5.0
South Dakota,2020-12-15,2305.0,5.0
South Dakota,2020-12-08,2287.0,4.0
South Dakota,2020-12-01,2159.0,4.0
South Dakota,2020-11-24,2104.0,3.0
South Dakota,2020-11-17,2078.0,3.0
South Dakota,2020-11-10,2009.0,1.0
South Dakota,2020-11-03,1791.0,0.0
South Dakota,2020-10-27,1588.0,0.0
South Dakota,2020-10-20,442.0,0.0
South Dakota,2020-10-13,256.0,0.0
South Dakota,2020-10-06,245.0,0.0
South Dakota,2020-09-29,192.0,0.0
South Dakota,2020-09-22,124.0,0.0
South Dakota,2020-09-15,25.0,0.0
South Dakota,2020-09-08,10.0,0.0
South Dakota,2020-09-02,6.0,0.0
South Dakota,2020-08-25,5.0,0.0
South Dakota,2020-08-18,5.0,0.0
South Dakota,2020-08-11,5.0,0.0
South Dakota,2020-08-03,5.0,0.0
South Dakota,2020-07-28,5.0,0.0
South Dakota,2020-07-21,4.0,0.0
South Dakota,2020-07-13,4.0,0.0
South Dakota,2020-07-07,4.0,0.0
South Dakota,2020-06-30,4.0,0.0
South Dakota,2020-06-23,4.0,0.0
South Dakota,2020-06-16,4.0,0.0
South Dakota,2020-06-09,4.0,0.0
South Dakota,2020-06-02,3.0,0.0
South Dakota,2020-05-27,3.0,0.0
South Dakota,2020-05-20,2.0,0.0
South Dakota,2020-05-14,2.0,0.0
South Dakota,2020-05-06,2.0,0.0
South Dakota,2020-04-29,2.0,0.0
South Dakota,2020-04-23,2.0,0.0
South Dakota,2020-04-15,2.0,0.0
South Dakota,2020-04-08,1.0,0.0
South Dakota,2020-04-01,1.0,0.0
South Dakota,2020-03-26,1.0,0.0
South Carolina,2021-03-16,3221.0,40.0
South Carolina,2021-03-09,3176.0,39.0
South Carolina,2021-03-02,3161.0,37.0
South Carolina,2021-02-24,3082.0,37.0
South Carolina,2021-02-16,3049.0,37.0
South Carolina,2021-02-09,2999.0,37.0
South Carolina,2021-02-02,2974.0,37.0
South Carolina,2021-01-26,2941.0,37.0
South Carolina,2021-01-19,2919.0,37.0
South Carolina,2021-01-13,2803.0,35.0
South Carolina,2021-01-05,2728.0,34.0
South Carolina,2020-12-29,2489.0,34.0
South Carolina,2020-12-22,2453.0,34.0
South Carolina,2020-12-15,2448.0,33.0
South Carolina,2020-12-09,2418.0,33.0
South Carolina,2020-12-01,2411.0,32.0
South Carolina,2020-11-24,2410.0,31.0
South Carolina,2020-11-17,2396.0,31.0
South Carolina,2020-11-10,2378.0,31.0
South Carolina,2020-11-03,2356.0,31.0
South Carolina,2020-10-27,2334.0,31.0
South Carolina,2020-10-20,2315.0,31.0
South Carolina,2020-10-13,2280.0,31.0
South Carolina,2020-10-06,2203.0,31.0
South Carolina,2020-09-29,2148.0,31.0
South Carolina,2020-09-22,2050.0,27.0
South Carolina,2020-09-15,1994.0,24.0
South Carolina,2020-09-08,1888.0,19.0
South Carolina,2020-09-01,1666.0,16.0
South Carolina,2020-08-25,1462.0,13.0
South Carolina,2020-08-18,1262.0,12.0
South Carolina,2020-08-12,1127.0,12.0
South Carolina,2020-08-04,975.0,10.0
South Carolina,2020-07-29,786.0,9.0
South Carolina,2020-07-21,651.0,8.0
South Carolina,2020-07-14,563.0,7.0
South Carolina,2020-07-08,346.0,5.0
South Carolina,2020-06-30,255.0,2.0
South Carolina,2020-06-23,133.0,2.0
South Carolina,2020-06-18,109.0,2.0
South Carolina,2020-06-09,102.0,2.0
South Carolina,2020-06-02,95.0,2.0
South Carolina,2020-05-28,79.0,2.0
South Carolina,2020-05-20,65.0,2.0
South Carolina,2020-05-13,60.0,2.0
South Carolina,2020-05-06,42.0,2.0
South Carolina,2020-04-28,15.0,0.0
South Carolina,2020-04-22,2.0,0.0
South Carolina,2020-04-15,0.0,0.0
South Carolina,2020-04-07,0.0,0.0
South Carolina,2020-04-01,0.0,0.0
South Carolina,2020-03-26,0.0,0.0
Rhode Island,2021-03-15,1171.0,2.0
Rhode Island,2021-03-12,1167.0,2.0
Rhode Island,2021-03-04,1155.0,2.0
Rhode Island,2021-02-25,1150.0,2.0
Rhode Island,2021-02-15,1132.0,2.0
Rhode Island,2021-02-01,1113.0,2.0
Rhode Island,2021-01-27,1104.0,2.0
Rhode Island,2021-01-21,1083.0,2.0
Rhode Island,2021-01-14,1060.0,2.0
Rhode Island,2021-01-04,987.0,2.0
Rhode Island,2020-12-31,984.0,2.0
Rhode Island,2020-12-27,934.0,2.0
Rhode Island,2020-12-17,790.0,0.0
Rhode Island,2020-12-01,605.0,0.0
Rhode Island,2020-11-17,279.0,0.0
Rhode Island,2020-11-05,60.0,0.0
Rhode Island,2020-10-27,52.0,0.0
Rhode Island,2020-10-20,43.0,0.0
Rhode Island,2020-10-13,37.0,0.0
Rhode Island,2020-10-06,36.0,0.0
Rhode Island,2020-09-29,36.0,0.0
Rhode Island,2020-09-22,36.0,0.0
Rhode Island,2020-09-15,35.0,0.0
Rhode Island,2020-09-08,34.0,0.0
Rhode Island,2020-09-01,33.0,0.0
Rhode Island,2020-08-25,33.0,0.0
Rhode Island,2020-08-18,29.0,0.0
Rhode Island,2020-08-11,26.0,0.0
Rhode Island,2020-08-04,25.0,0.0
Rhode Island,2020-07-28,22.0,0.0
Rhode Island,2020-07-23,21.0,0.0
Rhode Island,2020-07-14,21.0,0.0
Rhode Island,2020-07-09,20.0,0.0
Rhode Island,2020-06-29,18.0,0.0
Rhode Island,2020-06-23,18.0,0.0
Rhode Island,2020-06-18,17.0,0.0
Rhode Island,2020-06-10,16.0,0.0
Rhode Island,2020-06-01,15.0,0.0
Rhode Island,2020-05-28,11.0,0.0
Rhode Island,2020-05-20,7.0,0.0
Rhode Island,2020-05-12,5.0,0.0
Rhode Island,2020-04-30,3.0,0.0
Rhode Island,2020-04-22,1.0,0.0
Rhode Island,2020-04-15,0.0,0.0
Rhode Island,2020-04-08,0.0,0.0
Rhode Island,2020-04-01,0.0,0.0
Rhode Island,2020-03-26,0.0,0.0
Pennsylvania,2021-01-26,9520.0,97.0
Pennsylvania,2021-01-19,9205.0,90.0
Pennsylvania,2021-01-12,8129.0,82.0
Pennsylvania,2021-01-05,7432.0,70.0
Pennsylvania,2020-12-29,6787.0,63.0
Pennsylvania,2020-12-24,6358.0,58.0
Pennsylvania,2020-12-15,6046.0,48.0
Pennsylvania,2020-12-08,3228.0,40.0
Pennsylvania,2020-12-01,2557.0,35.0
Pennsylvania,2020-11-24,2119.0,27.0
Pennsylvania,2020-11-17,1544.0,21.0
Pennsylvania,2020-11-10,1093.0,17.0
Pennsylvania,2020-11-03,841.0,16.0
Pennsylvania,2020-10-27,723.0,14.0
Pennsylvania,2020-10-20,649.0,13.0
Pennsylvania,2020-10-13,495.0,11.0
Pennsylvania,2020-10-06,469.0,11.0
Pennsylvania,2020-09-29,427.0,11.0
Pennsylvania,2020-09-22,398.0,11.0
Pennsylvania,2020-09-16,391.0,11.0
Pennsylvania,2020-09-08,353.0,11.0
Pennsylvania,2020-09-01,326.0,11.0
Pennsylvania,2020-08-25,311.0,11.0
Pennsylvania,2020-08-18,310.0,11.0
Pennsylvania,2020-08-11,277.0,10.0
Pennsylvania,2020-08-04,275.0,10.0
Pennsylvania,2020-07-28,274.0,10.0
Pennsylvania,2020-07-21,267.0,10.0
Pennsylvania,2020-07-14,262.0,10.0
Pennsylvania,2020-07-07,255.0,10.0
Pennsylvania,2020-06-30,249.0,10.0
Pennsylvania,2020-06-23,241.0,10.0
Pennsylvania,2020-06-16,235.0,10.0
Pennsylvania,2020-06-09,228.0,9.0
Pennsylvania,2020-06-02,244.0,8.0
Pennsylvania,2020-05-27,207.0,6.0
Pennsylvania,2020-05-20,197.0,5.0
Pennsylvania,2020-05-13,181.0,3.0
Pennsylvania,2020-05-06,141.0,3.0
Pennsylvania,2020-04-29,45.0,3.0
Pennsylvania,2020-04-22,28.0,1.0
Pennsylvania,2020-04-15,17.0,1.0
Pennsylvania,2020-04-08,7.0,0.0
Pennsylvania,2020-04-01,2.0,0.0
Pennsylvania,2020-03-26,0.0,0.0
Oregon,2021-03-15,3559.0,42.0
Oregon,2021-03-09,3552.0,42.0
Oregon,2021-03-02,3542.0,42.0
Oregon,2021-02-23,3527.0,42.0
Oregon,2021-02-17,3516.0,42.0
Oregon,2021-02-09,3486.0,42.0
Oregon,2021-02-02,3397.0,42.0
Oregon,2021-01-27,3305.0,40.0
Oregon,2021-01-19,3131.0,33.0
Oregon,2021-01-12,2908.0,27.0
Oregon,2021-01-05,2588.0,24.0
Oregon,2020-12-29,2196.0,21.0
Oregon,2020-12-22,1940.0,20.0
Oregon,2020-12-15,1673.0,19.0
Oregon,2020-12-08,1507.0,18.0
Oregon,2020-12-01,1396.0,17.0
Oregon,2020-11-24,1383.0,17.0
Oregon,2020-11-17,1365.0,16.0
Oregon,2020-11-12,1315.0,16.0
Oregon,2020-11-03,1274.0,16.0
Oregon,2020-10-27,1244.0,16.0
Oregon,2020-10-20,1214.0,16.0
Oregon,2020-10-14,1184.0,14.0
Oregon,2020-10-06,1099.0,12.0
Oregon,2020-09-29,974.0,9.0
Oregon,2020-09-22,941.0,7.0
Oregon,2020-09-15,907.0,6.0
Oregon,2020-09-08,829.0,6.0
Oregon,2020-09-01,737.0,5.0
Oregon,2020-08-25,636.0,3.0
Oregon,2020-08-19,567.0,2.0
Oregon,2020-08-11,524.0,1.0
Oregon,2020-08-04,494.0,1.0
Oregon,2020-07-28,412.0,1.0
Oregon,2020-07-21,331.0,1.0
Oregon,2020-07-14,314.0,1.0
Oregon,2020-07-07,183.0,1.0
Oregon,2020-06-29,178.0,1.0
Oregon,2020-06-23,175.0,1.0
Oregon,2020-06-16,175.0,1.0
Oregon,2020-06-08,167.0,1.0
Oregon,2020-06-02,165.0,1.0
Oregon,2020-05-27,154.0,1.0
Oregon,2020-05-21,143.0,1.0
Oregon,2020-05-13,113.0,0.0
Oregon,2020-05-06,44.0,0.0
Oregon,2020-04-29,21.0,0.0
Oregon,2020-04-22,7.0,0.0
Oregon,2020-04-15,5.0,0.0
Oregon,2020-04-08,3.0,0.0
Oregon,2020-04-01,0.0,0.0
Oregon,2020-03-26,0.0,0.0
Oklahoma,2021-03-16,7342.0,52.0
Oklahoma,2021-03-09,7239.0,49.0
Oklahoma,2021-03-02,7179.0,48.0
Oklahoma,2021-02-23,7114.0,48.0
Oklahoma,2021-02-16,7092.0,47.0
Oklahoma,2021-02-09,7037.0,47.0
Oklahoma,2021-02-03,6988.0,46.0
Oklahoma,2021-01-26,6963.0,45.0
Oklahoma,2021-01-19,6939.0,44.0
Oklahoma,2021-01-12,6885.0,43.0
Oklahoma,2021-01-05,6855.0,43.0
Oklahoma,2020-12-29,6794.0,43.0
Oklahoma,2020-12-22,6731.0,40.0
Oklahoma,2020-12-15,6652.0,37.0
Oklahoma,2020-12-08,6360.0,35.0
Oklahoma,2020-12-01,5850.0,33.0
Oklahoma,2020-11-17,5404.0,31.0
Oklahoma,2020-11-03,4571.0,26.0
Oklahoma,2020-10-27,4520.0,24.0
Oklahoma,2020-10-20,4223.0,21.0
Oklahoma,2020-10-13,3964.0,20.0
Oklahoma,2020-10-06,3821.0,15.0
Oklahoma,2020-09-29,3629.0,10.0
Oklahoma,2020-09-22,3168.0,9.0
Oklahoma,2020-09-15,2106.0,4.0
Oklahoma,2020-09-08,1617.0,0.0
Oklahoma,2020-09-01,1403.0,0.0
Oklahoma,2020-08-25,679.0,0.0
Oklahoma,2020-08-11,213.0,0.0
Oklahoma,2020-08-04,150.0,0.0
Oklahoma,2020-07-28,117.0,0.0
Oklahoma,2020-07-21,14.0,0.0
Oklahoma,2020-07-14,11.0,0.0
Oklahoma,2020-07-07,9.0,0.0
Oklahoma,2020-06-30,7.0,0.0
Oklahoma,2020-06-22,4.0,0.0
Oklahoma,2020-06-15,2.0,0.0
Oklahoma,2020-06-08,2.0,0.0
Oklahoma,2020-06-02,2.0,0.0
Oklahoma,2020-05-27,2.0,0.0
Oklahoma,2020-05-19,2.0,0.0
Oklahoma,2020-05-13,2.0,0.0
Oklahoma,2020-05-06,2.0,0.0
Oklahoma,2020-04-28,2.0,0.0
Oklahoma,2020-04-21,1.0,0.0
Oklahoma,2020-04-15,1.0,0.0
Oklahoma,2020-04-09,1.0,0.0
Oklahoma,2020-04-01,0.0,0.0
Oklahoma,2020-03-26,0.0,0.0
Ohio,2021-03-16,9597.0,134.0
Ohio,2021-03-11,9560.0,134.0
Ohio,2021-03-04,9533.0,134.0
Ohio,2021-02-25,9485.0,134.0
Ohio,2021-02-18,9433.0,134.0
Ohio,2021-02-09,9384.0,133.0
Ohio,2021-02-05,9331.0,133.0
Ohio,2021-01-29,9240.0,132.0
Ohio,2021-01-22,9154.0,131.0
Ohio,2021-01-15,9046.0,129.0
Ohio,2021-01-05,8868.0,127.0
Ohio,2020-12-29,8750.0,127.0
Ohio,2020-12-22,8388.0,120.0
Ohio,2020-12-15,8289.0,118.0
Ohio,2020-12-08,8031.0,116.0
Ohio,2020-12-01,7795.0,115.0
Ohio,2020-11-24,7563.0,113.0
Ohio,2020-11-17,7299.0,111.0
Ohio,2020-11-10,7121.0,111.0
Ohio,2020-11-03,6959.0,109.0
Ohio,2020-10-27,6834.0,107.0
Ohio,2020-10-20,6714.0,104.0
Ohio,2020-10-13,6584.0,102.0
Ohio,2020-10-06,6499.0,100.0
Ohio,2020-09-29,6318.0,100.0
Ohio,2020-09-22,6194.0,97.0
Ohio,2020-09-15,6112.0,94.0
Ohio,2020-09-08,5977.0,91.0
Ohio,2020-09-01,5895.0,90.0
Ohio,2020-08-25,5783.0,89.0
Ohio,2020-08-18,5669.0,87.0
Ohio,2020-08-11,5401.0,86.0
Ohio,2020-08-04,5283.0,84.0
Ohio,2020-07-28,5195.0,84.0
Ohio,2020-07-21,5132.0,84.0
Ohio,2020-07-14,5082.0,82.0
Ohio,2020-07-07,5055.0,82.0
Ohio,2020-06-30,5002.0,82.0
Ohio,2020-06-23,4950.0,80.0
Ohio,2020-06-16,4908.0,79.0
Ohio,2020-06-10,4858.0,75.0
Ohio,2020-06-02,4769.0,75.0
Ohio,2020-05-27,4694.0,70.0
Ohio,2020-05-20,4550.0,61.0
Ohio,2020-05-13,4449.0,51.0
Ohio,2020-05-06,4312.0,40.0
Ohio,2020-04-29,3890.0,28.0
Ohio,2020-04-22,3792.0,13.0
Ohio,2020-04-15,273.0,3.0
Ohio,2020-04-08,19.0,0.0
Ohio,2020-04-01,0.0,0.0
Ohio,2020-03-26,0.0,0.0
North Dakota,2021-03-09,628.0,1.0
North Dakota,2021-03-02,627.0,1.0
North Dakota,2021-02-23,623.0,1.0
North Dakota,2021-02-16,622.0,1.0
North Dakota,2021-02-09,620.0,1.0
North Dakota,2021-02-03,620.0,1.0
North Dakota,2021-01-26,617.0,1.0
North Dakota,2021-01-19,614.0,1.0
North Dakota,2021-01-12,614.0,1.0
North Dakota,2021-01-05,613.0,1.0
North Dakota,2020-12-29,613.0,1.0
North Dakota,2020-12-22,609.0,1.0
North Dakota,2020-12-15,580.0,1.0
North Dakota,2020-12-08,512.0,1.0
North Dakota,2020-12-01,484.0,0.0
North Dakota,2020-11-25,475.0,0.0
North Dakota,2020-11-17,318.0,0.0
North Dakota,2020-11-12,271.0,0.0
North Dakota,2020-11-03,137.0,0.0
North Dakota,2020-10-27,102.0,0.0
North Dakota,2020-10-20,79.0,0.0
North Dakota,2020-10-14,29.0,0.0
North Dakota,2020-10-07,24.0,0.0
North Dakota,2020-09-30,24.0,0.0
North Dakota,2020-09-23,24.0,0.0
North Dakota,2020-09-16,24.0,0.0
North Dakota,2020-09-08,12.0,0.0
North Dakota,2020-09-01,11.0,0.0
North Dakota,2020-08-25,11.0,0.0
North Dakota,2020-08-18,11.0,0.0
North Dakota,2020-08-11,11.0,0.0
North Dakota,2020-08-04,10.0,0.0
North Dakota,2020-07-28,8.0,0.0
North Dakota,2020-07-21,7.0,0.0
North Dakota,2020-07-14,7.0,0.0
North Dakota,2020-07-07,7.0,0.0
North Dakota,2020-06-30,7.0,0.0
North Dakota,2020-06-23,6.0,0.0
North Dakota,2020-06-16,5.0,0.0
North Dakota,2020-06-09,5.0,0.0
North Dakota,2020-06-02,5.0,0.0
North Dakota,2020-05-26,4.0,0.0
North Dakota,2020-05-20,4.0,0.0
North Dakota,2020-05-13,0.0,0.0
North Dakota,2020-05-01,0.0,0.0
North Dakota,2020-04-27,0.0,0.0
North Dakota,2020-04-22,0.0,0.0
North Dakota,2020-04-15,0.0,0.0
North Dakota,2020-04-07,0.0,0.0
North Dakota,2020-04-01,0.0,0.0
North Dakota,2020-03-26,0.0,0.0
North Carolina,2021-03-16,9898.0,52.0
North Carolina,2021-03-09,9833.0,50.0
North Carolina,2021-03-02,9743.0,47.0
North Carolina,2021-02-23,9512.0,47.0
North Carolina,2021-02-16,9455.0,46.0
North Carolina,2021-02-09,9265.0,44.0
North Carolina,2021-02-02,9109.0,42.0
North Carolina,2021-01-26,8703.0,42.0
North Carolina,2021-01-20,8360.0,40.0
North Carolina,2021-01-12,8132.0,39.0
North Carolina,2021-01-05,7670.0,36.0
North Carolina,2020-12-29,7420.0,32.0
North Carolina,2020-12-22,7035.0,29.0
North Carolina,2020-12-16,6687.0,29.0
North Carolina,2020-12-08,6059.0,28.0
North Carolina,2020-12-02,5724.0,24.0
North Carolina,2020-11-24,5322.0,24.0
North Carolina,2020-11-17,4909.0,22.0
North Carolina,2020-11-12,4555.0,22.0
North Carolina,2020-11-03,4330.0,20.0
North Carolina,2020-10-27,4110.0,18.0
North Carolina,2020-10-20,3798.0,18.0
North Carolina,2020-10-13,3394.0,17.0
North Carolina,2020-10-06,3271.0,16.0
North Carolina,2020-09-29,2875.0,14.0
North Carolina,2020-09-22,2579.0,12.0
North Carolina,2020-09-15,2389.0,11.0
North Carolina,2020-09-08,2205.0,11.0
North Carolina,2020-09-01,1978.0,10.0
North Carolina,2020-08-25,1819.0,10.0
North Carolina,2020-08-18,1650.0,10.0
North Carolina,2020-08-11,1504.0,10.0
North Carolina,2020-08-04,1456.0,8.0
North Carolina,2020-07-28,1407.0,8.0
North Carolina,2020-07-22,1086.0,5.0
North Carolina,2020-07-14,1052.0,5.0
North Carolina,2020-07-07,887.0,5.0
North Carolina,2020-06-30,799.0,5.0
North Carolina,2020-06-23,775.0,5.0
North Carolina,2020-06-17,714.0,5.0
North Carolina,2020-06-09,691.0,5.0
North Carolina,2020-06-02,683.0,5.0
North Carolina,2020-05-27,650.0,5.0
North Carolina,2020-05-20,644.0,5.0
North Carolina,2020-05-13,644.0,5.0
North Carolina,2020-05-06,627.0,4.0
North Carolina,2020-04-29,596.0,2.0
North Carolina,2020-04-22,507.0,1.0
North Carolina,2020-04-15,46.0,0.0
North Carolina,2020-04-08,12.0,0.0
North Carolina,2020-04-01,1.0,0.0
North Carolina,2020-03-26,0.0,0.0
New York,2021-03-18,6170.0,34.0
New York,2021-03-10,6054.0,34.0
New York,2021-03-02,5942.0,33.0
New York,2021-02-23,5815.0,33.0
New York,2021-02-16,5686.0,32.0
New York,2021-02-10,5527.0,31.0
New York,2021-02-02,5163.0,31.0
New York,2021-01-26,4808.0,30.0
New York,2021-01-20,4502.0,29.0
New York,2021-01-12,3804.0,28.0
New York,2021-01-05,3337.0,24.0
New York,2020-12-29,2945.0,21.0
New York,2020-12-22,2479.0,20.0
New York,2020-12-15,2156.0,18.0
New York,2020-12-10,1959.0,18.0
New York,2020-12-02,1826.0,18.0
New York,2020-11-24,1737.0,18.0
New York,2020-11-17,1709.0,18.0
New York,2020-11-10,1644.0,18.0
New York,2020-11-03,1590.0,18.0
New York,2020-10-27,1566.0,18.0
New York,2020-10-20,977.0,18.0
New York,2020-10-13,867.0,17.0
New York,2020-10-06,791.0,17.0
New York,2020-09-29,775.0,17.0
New York,2020-09-22,773.0,17.0
New York,2020-09-15,755.0,17.0
New York,2020-09-08,755.0,17.0
New York,2020-09-01,755.0,17.0
New York,2020-08-25,755.0,17.0
New York,2020-08-18,755.0,17.0
New York,2020-08-11,755.0,17.0
New York,2020-08-04,604.0,17.0
New York,2020-07-28,604.0,17.0
New York,2020-07-23,601.0,16.0
New York,2020-07-10,545.0,16.0
New York,2020-07-07,541.0,16.0
New York,2020-06-30,519.0,16.0
New York,2020-06-23,517.0,16.0
New York,2020-06-16,517.0,16.0
New York,2020-06-09,512.0,16.0
New York,2020-06-02,511.0,16.0
New York,2020-05-27,493.0,16.0
New York,2020-05-20,471.0,16.0
New York,2020-05-13,443.0,16.0
New York,2020-05-06,415.0,15.0
New York,2020-04-29,370.0,10.0
New York,2020-04-22,239.0,6.0
New York,2020-04-15,160.0,5.0
New York,2020-04-08,62.0,2.0
New York,2020-04-01,20.0,1.0
New York,2020-03-26,3.0,0.0
New Mexico,2021-03-16,2957.0,28.0
New Mexico,2021-03-09,2869.0,28.0
New Mexico,2021-03-02,2869.0,28.0
New Mexico,2021-02-23,2661.0,28.0
New Mexico,2021-02-16,2581.0,28.0
New Mexico,2021-02-09,2581.0,28.0
New Mexico,2021-02-02,2549.0,26.0
New Mexico,2021-01-26,2489.0,26.0
New Mexico,2021-01-19,2441.0,26.0
New Mexico,2021-01-12,2367.0,25.0
New Mexico,2021-01-05,2294.0,24.0
New Mexico,2020-12-28,2229.0,23.0
New Mexico,2020-12-22,2209.0,21.0
New Mexico,2020-12-15,2009.0,14.0
New Mexico,2020-12-08,1786.0,14.0
New Mexico,2020-12-01,1592.0,11.0
New Mexico,2020-11-24,1479.0,11.0
New Mexico,2020-11-17,1266.0,8.0
New Mexico,2020-11-10,1120.0,5.0
New Mexico,2020-11-03,808.0,4.0
New Mexico,2020-10-27,735.0,4.0
New Mexico,2020-10-20,671.0,4.0
New Mexico,2020-10-13,567.0,4.0
New Mexico,2020-10-06,567.0,4.0
New Mexico,2020-09-29,563.0,4.0
New Mexico,2020-09-22,549.0,4.0
New Mexico,2020-09-15,525.0,4.0
New Mexico,2020-09-08,512.0,4.0
New Mexico,2020-09-01,512.0,4.0
New Mexico,2020-08-25,509.0,4.0
New Mexico,2020-08-18,508.0,4.0
New Mexico,2020-08-11,505.0,4.0
New Mexico,2020-08-04,505.0,4.0
New Mexico,2020-07-28,500.0,4.0
New Mexico,2020-07-22,485.0,4.0
New Mexico,2020-07-14,467.0,4.0
New Mexico,2020-07-07,461.0,3.0
New Mexico,2020-07-01,450.0,3.0
New Mexico,2020-06-24,418.0,3.0
New Mexico,2020-06-17,320.0,2.0
New Mexico,2020-06-10,243.0,2.0
New Mexico,2020-06-02,164.0,1.0
New Mexico,2020-05-28,43.0,0.0
New Mexico,2020-05-20,22.0,0.0
New Mexico,2020-05-13,0.0,0.0
New Mexico,2020-05-06,0.0,0.0
New Mexico,2020-04-30,0.0,0.0
New Mexico,2020-04-22,0.0,0.0
New Mexico,2020-04-20,0.0,0.0
New Mexico,2020-04-08,0.0,0.0
New Mexico,2020-04-01,0.0,0.0
New Mexico,2020-03-26,0.0,0.0
New Jersey,2021-03-16,4684.0,53.0
New Jersey,2021-03-09,4684.0,53.0
New Jersey,2021-03-02,4556.0,53.0
New Jersey,2021-02-23,4345.0,53.0
New Jersey,2021-02-16,4345.0,53.0
New Jersey,2021-02-09,4283.0,52.0
New Jersey,2021-02-02,4283.0,52.0
New Jersey,2021-01-26,4283.0,52.0
New Jersey,2021-01-19,3956.0,52.0
New Jersey,2021-01-12,3620.0,52.0
New Jersey,2021-01-05,3620.0,52.0
New Jersey,2020-12-29,3620.0,52.0
New Jersey,2020-12-22,3557.0,52.0
New Jersey,2020-12-15,3557.0,52.0
New Jersey,2020-12-08,3393.0,52.0
New Jersey,2020-12-01,3310.0,52.0
New Jersey,2020-11-24,3144.0,52.0
New Jersey,2020-11-17,3144.0,52.0
New Jersey,2020-11-10,3114.0,52.0
New Jersey,2020-11-03,3052.0,52.0
New Jersey,2020-10-26,3052.0,52.0
New Jersey,2020-10-20,3050.0,52.0
New Jersey,2020-10-13,3030.0,52.0
New Jersey,2020-10-06,3030.0,52.0
New Jersey,2020-09-29,3023.0,49.0
New Jersey,2020-09-22,3020.0,49.0
New Jersey,2020-09-14,3010.0,49.0
New Jersey,2020-09-08,3009.0,49.0
New Jersey,2020-09-01,3008.0,49.0
New Jersey,2020-08-25,3008.0,49.0
New Jersey,2020-08-18,3119.0,49.0
New Jersey,2020-08-11,3023.0,49.0
New Jersey,2020-08-04,2960.0,49.0
New Jersey,2020-07-28,2892.0,49.0
New Jersey,2020-07-21,2892.0,49.0
New Jersey,2020-07-14,2892.0,49.0
New Jersey,2020-07-09,2869.0,46.0
New Jersey,2020-06-30,2821.0,46.0
New Jersey,2020-06-25,2756.0,46.0
New Jersey,2020-06-16,2655.0,46.0
New Jersey,2020-06-09,2451.0,46.0
New Jersey,2020-06-02,2062.0,46.0
New Jersey,2020-05-27,1592.0,43.0
New Jersey,2020-05-20,830.0,43.0
New Jersey,2020-05-13,538.0,42.0
New Jersey,2020-05-06,215.0,38.0
New Jersey,2020-04-29,153.0,29.0
New Jersey,2020-04-22,101.0,16.0
New Jersey,2020-04-15,50.0,5.0
New Jersey,2020-04-01,0.0,0.0
New Jersey,2020-03-26,0.0,0.0
New Hampshire,2021-03-16,452.0,3.0
New Hampshire,2021-03-09,450.0,3.0
New Hampshire,2021-03-02,450.0,2.0
New Hampshire,2021-02-24,448.0,2.0
New Hampshire,2021-02-16,447.0,2.0
New Hampshire,2021-02-09,446.0,2.0
New Hampshire,2021-02-02,443.0,2.0
New Hampshire,2021-01-26,430.0,2.0
New Hampshire,2021-01-19,417.0,2.0
New Hampshire,2021-01-12,407.0,2.0
New Hampshire,2021-01-05,373.0,1.0
New Hampshire,2020-12-29,334.0,0.0
New Hampshire,2020-12-22,274.0,0.0
New Hampshire,2020-12-15,171.0,0.0
New Hampshire,2020-12-01,13.0,0.0
New Hampshire,2020-11-24,7.0,0.0
New Hampshire,2020-11-17,1.0,0.0
New Hampshire,2020-11-10,1.0,0.0
New Hampshire,2020-11-03,1.0,0.0
New Hampshire,2020-10-27,1.0,0.0
New Hampshire,2020-10-20,1.0,0.0
New Hampshire,2020-10-06,1.0,0.0
New Hampshire,2020-09-30,1.0,0.0
New Hampshire,2020-09-22,1.0,0.0
New Hampshire,2020-09-15,1.0,0.0
New Hampshire,2020-09-08,1.0,0.0
New Hampshire,2020-09-01,1.0,0.0
New Hampshire,2020-08-25,1.0,0.0
New Hampshire,2020-08-18,1.0,0.0
New Hampshire,2020-08-11,1.0,0.0
New Hampshire,2020-08-04,1.0,0.0
New Hampshire,2020-07-28,1.0,0.0
New Hampshire,2020-07-21,1.0,0.0
New Hampshire,2020-07-10,1.0,0.0
New Hampshire,2020-07-07,1.0,0.0
New Hampshire,2020-07-01,1.0,0.0
New Hampshire,2020-06-23,1.0,0.0
New Hampshire,2020-06-16,1.0,0.0
New Hampshire,2020-06-09,1.0,0.0
New Hampshire,2020-06-02,1.0,0.0
New Hampshire,2020-05-27,1.0,0.0
New Hampshire,2020-05-20,0.0,0.0
New Hampshire,2020-05-13,0.0,0.0
New Hampshire,2020-05-06,0.0,0.0
New Hampshire,2020-04-29,0.0,0.0
New Hampshire,2020-04-22,0.0,0.0
New Hampshire,2020-04-15,0.0,0.0
New Hampshire,2020-04-08,0.0,0.0
New Hampshire,2020-04-01,0.0,0.0
New Hampshire,2020-03-26,0.0,0.0
Nevada,2021-03-16,4513.0,53.0
Nevada,2021-03-09,4510.0,53.0
Nevada,2021-03-02,4510.0,53.0
Nevada,2021-02-23,4497.0,53.0
Nevada,2021-01-19,3720.0,45.0
Nevada,2021-01-12,2612.0,39.0
Nevada,2021-01-05,2612.0,10.0
Nevada,2020-12-22,2466.0,10.0
Nevada,2020-12-15,2218.0,8.0
Nevada,2020-12-08,1131.0,6.0
Nevada,2020-12-01,1044.0,2.0
Nevada,2020-11-24,674.0,0.0
Nevada,2020-11-17,577.0,0.0
Nevada,2020-11-10,170.0,0.0
Nevada,2020-11-03,42.0,0.0
Nevada,2020-10-27,41.0,0.0
Nevada,2020-10-20,41.0,0.0
Nevada,2020-10-13,39.0,0.0
Nevada,2020-10-06,39.0,0.0
Nevada,2020-09-29,37.0,0.0
Nevada,2020-09-22,35.0,0.0
Nevada,2020-09-15,35.0,0.0
Nevada,2020-09-08,34.0,0.0
Nevada,2020-09-01,32.0,0.0
Nevada,2020-08-25,28.0,0.0
Nevada,2020-08-18,27.0,0.0
Nevada,2020-08-11,25.0,0.0
Nevada,2020-07-28,22.0,0.0
Nevada,2020-07-21,19.0,0.0
Nevada,2020-07-15,18.0,0.0
Nevada,2020-07-07,16.0,0.0
Nevada,2020-06-30,15.0,0.0
Nevada,2020-06-23,9.0,0.0
Nevada,2020-06-16,8.0,0.0
Nevada,2020-06-09,7.0,0.0
Nevada,2020-06-02,5.0,0.0
Nevada,2020-05-28,5.0,0.0
Nevada,2020-05-20,1.0,0.0
Nevada,2020-05-13,0.0,0.0
Nevada,2020-05-06,0.0,0.0
Nevada,2020-04-29,0.0,0.0
Nevada,2020-04-22,0.0,0.0
Nevada,2020-04-16,0.0,0.0
Nevada,2020-04-08,0.0,0.0
Nevada,2020-04-01,0.0,0.0
Nevada,2020-03-26,0.0,0.0
Nebraska,2021-03-19,982.0,6.0
Nebraska,2021-03-05,971.0,6.0
Nebraska,2021-02-22,967.0,6.0
Nebraska,2021-02-12,959.0,6.0
Nebraska,2021-02-05,956.0,6.0
Nebraska,2021-01-22,932.0,6.0
Nebraska,2021-01-15,890.0,6.0
Nebraska,2021-01-04,876.0,6.0
Nebraska,2020-12-28,873.0,6.0
Nebraska,2020-12-18,855.0,6.0
Nebraska,2020-12-11,786.0,6.0
Nebraska,2020-12-04,743.0,5.0
Nebraska,2020-11-27,677.0,4.0
Nebraska,2020-11-20,577.0,3.0
Nebraska,2020-11-13,429.0,3.0
Nebraska,2020-11-01,283.0,2.0
Nebraska,2020-10-23,260.0,2.0
Nebraska,2020-10-09,242.0,1.0
Nebraska,2020-10-02,231.0,1.0
Nebraska,2020-09-25,210.0,1.0
Nebraska,2020-09-18,196.0,1.0
Nebraska,2020-08-28,11.0,0.0
Nebraska,2020-08-21,10.0,0.0
Nebraska,2020-08-14,10.0,0.0
Nebraska,2020-08-07,10.0,0.0
Nebraska,2020-07-31,10.0,0.0
Nebraska,2020-07-24,8.0,0.0
Nebraska,2020-07-17,8.0,0.0
Nebraska,2020-07-10,8.0,0.0
Nebraska,2020-07-03,8.0,0.0
Nebraska,2020-06-23,8.0,0.0
Nebraska,2020-06-16,7.0,0.0
Nebraska,2020-05-20,7.0,0.0
Nebraska,2020-05-13,1.0,0.0
Nebraska,2020-05-06,0.0,0.0
Nebraska,2020-04-28,0.0,0.0
Nebraska,2020-04-20,0.0,0.0
Nebraska,2020-04-16,0.0,0.0
Nebraska,2020-04-09,0.0,0.0
Montana,2021-03-18,1129.0,6.0
Montana,2021-03-10,1129.0,6.0
Montana,2021-02-22,1129.0,6.0
Montana,2021-02-17,1129.0,6.0
Montana,2021-02-08,1129.0,6.0
Montana,2021-02-03,1128.0,6.0
Montana,2021-01-26,1127.0,6.0
Montana,2021-01-11,1124.0,6.0
Montana,2021-01-05,1124.0,6.0
Montana,2020-12-30,1124.0,6.0
Montana,2020-12-14,1113.0,6.0
Montana,2020-12-08,1053.0,4.0
Montana,2020-11-30,1011.0,4.0
Montana,2020-11-23,969.0,4.0
Montana,2020-11-16,880.0,2.0
Montana,2020-11-10,865.0,2.0
Montana,2020-11-02,763.0,0.0
Montana,2020-10-26,661.0,0.0
Montana,2020-10-19,458.0,0.0
Montana,2020-10-13,343.0,0.0
Montana,2020-10-02,156.0,0.0
Montana,2020-09-25,132.0,0.0
Montana,2020-09-18,112.0,0.0
Montana,2020-09-11,79.0,0.0
Montana,2020-09-03,22.0,0.0
Montana,2020-08-27,17.0,0.0
Montana,2020-07-29,13.0,0.0
Montana,2020-07-21,13.0,0.0
Montana,2020-07-07,3.0,0.0
Montana,2020-06-30,3.0,0.0
Montana,2020-06-23,3.0,0.0
Montana,2020-06-09,2.0,0.0
Montana,2020-06-02,2.0,0.0
Montana,2020-05-27,2.0,0.0
Montana,2020-05-20,2.0,0.0
Montana,2020-05-13,2.0,0.0
Montana,2020-05-06,2.0,0.0
Montana,2020-04-29,2.0,0.0
Montana,2020-04-22,2.0,0.0
Montana,2020-04-15,2.0,0.0
Montana,2020-04-08,1.0,0.0
Missouri,2021-03-16,5563.0,48.0
Missouri,2021-03-09,5551.0,45.0
Missouri,2021-03-02,5529.0,45.0
Missouri,2021-02-23,5517.0,45.0
Missouri,2021-02-17,5494.0,42.0
Missouri,2021-02-09,5456.0,42.0
Missouri,2021-02-02,5411.0,42.0
Missouri,2021-01-27,5377.0,42.0
Missouri,2021-01-20,5330.0,42.0
Missouri,2021-01-12,5277.0,42.0
Missouri,2021-01-05,5204.0,41.0
Missouri,2020-12-29,5158.0,40.0
Missouri,2020-12-22,5049.0,39.0
Missouri,2020-12-15,4946.0,37.0
Missouri,2020-12-09,4951.0,37.0
Missouri,2020-12-01,4660.0,33.0
Missouri,2020-11-24,4614.0,27.0
Missouri,2020-11-12,4226.0,22.0
Missouri,2020-11-03,3803.0,10.0
Missouri,2020-10-27,3277.0,5.0
Missouri,2020-10-20,3048.0,4.0
Missouri,2020-10-13,2643.0,2.0
Missouri,2020-10-05,2387.0,2.0
Missouri,2020-09-29,2044.0,1.0
Missouri,2020-09-22,1795.0,1.0
Missouri,2020-09-15,1526.0,1.0
Missouri,2020-09-08,1040.0,1.0
Missouri,2020-09-01,950.0,1.0
Missouri,2020-08-25,919.0,1.0
Missouri,2020-08-18,761.0,1.0
Missouri,2020-08-11,686.0,1.0
Missouri,2020-08-04,573.0,1.0
Missouri,2020-07-28,521.0,1.0
Missouri,2020-07-21,396.0,1.0
Missouri,2020-07-14,246.0,1.0
Missouri,2020-07-07,193.0,1.0
Missouri,2020-06-30,159.0,1.0
Missouri,2020-06-23,100.0,1.0
Missouri,2020-06-16,58.0,1.0
Missouri,2020-06-09,50.0,1.0
Missouri,2020-06-02,48.0,1.0
Missouri,2020-05-27,45.0,1.0
Missouri,2020-05-20,44.0,1.0
Missouri,2020-05-13,44.0,1.0
Missouri,2020-05-06,32.0,1.0
Missouri,2020-04-29,30.0,1.0
Missouri,2020-04-22,4.0,1.0
Missouri,2020-04-15,1.0,1.0
Missouri,2020-04-08,1.0,1.0
Missouri,2020-04-01,1.0,0.0
Missouri,2020-03-26,1.0,0.0
Mississippi,2021-03-09,1393.0,23.0
Mississippi,2021-03-02,1393.0,23.0
Mississippi,2021-02-11,1392.0,23.0
Mississippi,2021-02-03,1390.0,23.0
Mississippi,2021-01-27,1389.0,22.0
Mississippi,2020-12-28,1321.0,10.0
Mississippi,2020-07-07,80.0,1.0
Mississippi,2020-06-23,60.0,1.0
Mississippi,2020-06-16,35.0,1.0
Mississippi,2020-06-09,33.0,1.0
Mississippi,2020-06-02,30.0,1.0
Mississippi,2020-05-27,28.0,1.0
Mississippi,2020-05-20,20.0,1.0
Mississippi,2020-05-13,10.0,1.0
Mississippi,2020-05-05,4.0,1.0
Mississippi,2020-04-27,4.0,1.0
Mississippi,2020-04-17,4.0,1.0
Mississippi,2020-04-13,1.0,1.0
Mississippi,2020-04-06,0.0,0.0
Mississippi,2020-03-26,0.0,0.0
Minnesota,2021-03-16,3958.0,12.0
Minnesota,2021-03-10,3941.0,11.0
Minnesota,2021-03-02,3898.0,11.0
Minnesota,2021-02-23,3885.0,11.0
Minnesota,2021-02-16,3883.0,11.0
Minnesota,2021-02-09,3879.0,11.0
Minnesota,2021-02-03,3871.0,11.0
Minnesota,2021-01-26,3864.0,11.0
Minnesota,2021-01-19,3831.0,11.0
Minnesota,2021-01-12,3804.0,11.0
Minnesota,2021-01-05,3749.0,9.0
Minnesota,2020-12-29,3621.0,9.0
Minnesota,2020-12-22,3538.0,9.0
Minnesota,2020-12-15,3436.0,8.0
Minnesota,2020-12-08,3292.0,6.0
Minnesota,2020-12-01,3069.0,5.0
Minnesota,2020-11-24,2926.0,4.0
Minnesota,2020-11-17,2744.0,3.0
Minnesota,2020-11-09,2138.0,3.0
Minnesota,2020-11-03,1902.0,2.0
Minnesota,2020-10-27,1232.0,2.0
Minnesota,2020-10-20,886.0,2.0
Minnesota,2020-10-13,733.0,2.0
Minnesota,2020-10-05,605.0,2.0
Minnesota,2020-09-29,567.0,2.0
Minnesota,2020-09-22,555.0,2.0
Minnesota,2020-09-15,532.0,2.0
Minnesota,2020-09-08,526.0,2.0
Minnesota,2020-09-01,522.0,2.0
Minnesota,2020-08-25,522.0,2.0
Minnesota,2020-08-18,522.0,2.0
Minnesota,2020-08-11,517.0,2.0
Minnesota,2020-08-04,505.0,2.0
Minnesota,2020-07-28,461.0,2.0
Minnesota,2020-07-20,391.0,2.0
Minnesota,2020-07-14,390.0,2.0
Minnesota,2020-07-07,341.0,2.0
Minnesota,2020-06-30,341.0,2.0
Minnesota,2020-06-23,334.0,1.0
Minnesota,2020-06-16,289.0,0.0
Minnesota,2020-06-09,200.0,0.0
Minnesota,2020-06-02,125.0,0.0
Minnesota,2020-05-27,124.0,0.0
Minnesota,2020-05-20,116.0,0.0
Minnesota,2020-05-13,111.0,0.0
Minnesota,2020-05-06,83.0,0.0
Minnesota,2020-04-29,79.0,0.0
Minnesota,2020-04-22,29.0,0.0
Minnesota,2020-04-15,15.0,0.0
Minnesota,2020-04-07,9.0,0.0
Minnesota,2020-04-01,3.0,0.0
Minnesota,2020-03-26,0.0,0.0
Michigan,2021-03-16,25707.0,139.0
Michigan,2021-03-09,25428.0,138.0
Michigan,2021-03-02,25277.0,138.0
Michigan,2021-02-23,25190.0,138.0
Michigan,2021-02-16,25039.0,138.0
Michigan,2021-02-09,24707.0,136.0
Michigan,2021-02-02,24389.0,133.0
Michigan,2021-01-26,24120.0,132.0
Michigan,2021-01-19,23748.0,127.0
Michigan,2021-01-12,23335.0,123.0
Michigan,2021-01-05,22629.0,121.0
Michigan,2020-12-29,21622.0,116.0
Michigan,2020-12-22,20651.0,108.0
Michigan,2020-12-15,20006.0,99.0
Michigan,2020-12-08,17180.0,94.0
Michigan,2020-12-01,13940.0,88.0
Michigan,2020-11-24,12112.0,77.0
Michigan,2020-11-17,9763.0,75.0
Michigan,2020-11-10,8295.0,74.0
Michigan,2020-11-03,7284.0,74.0
Michigan,2020-10-27,6617.0,74.0
Michigan,2020-10-20,6207.0,74.0
Michigan,2020-10-13,5738.0,74.0
Michigan,2020-10-06,5572.0,73.0
Michigan,2020-09-29,5547.0,72.0
Michigan,2020-09-22,5526.0,72.0
Michigan,2020-09-15,5423.0,70.0
Michigan,2020-09-08,5398.0,69.0
Michigan,2020-09-01,5160.0,69.0
Michigan,2020-08-25,5093.0,69.0
Michigan,2020-08-18,4611.0,68.0
Michigan,2020-08-11,4312.0,68.0
Michigan,2020-08-04,4037.0,68.0
Michigan,2020-07-28,3877.0,68.0
Michigan,2020-07-21,3870.0,68.0
Michigan,2020-07-14,3801.0,68.0
Michigan,2020-07-07,4020.0,68.0
Michigan,2020-06-30,4015.0,68.0
Michigan,2020-06-23,3991.0,68.0
Michigan,2020-06-16,3982.0,68.0
Michigan,2020-06-09,3948.0,68.0
Michigan,2020-06-02,3918.0,68.0
Michigan,2020-05-27,3341.0,62.0
Michigan,2020-05-20,3262.0,59.0
Michigan,2020-05-13,2173.0,55.0
Michigan,2020-05-06,2073.0,47.0
Michigan,2020-04-29,1412.0,41.0
Michigan,2020-04-22,717.0,25.0
Michigan,2020-04-15,481.0,13.0
Michigan,2020-04-08,305.0,2.0
Michigan,2020-04-01,122.0,1.0
Michigan,2020-03-26,24.0,0.0
Massachusetts,2021-03-10,3013.0,20.0
Massachusetts,2021-03-03,3012.0,20.0
Massachusetts,2021-02-25,3005.0,20.0
Massachusetts,2021-02-17,2992.0,20.0
Massachusetts,2021-02-10,2977.0,19.0
Massachusetts,2021-02-03,2878.0,19.0
Massachusetts,2021-01-27,2861.0,19.0
Massachusetts,2021-01-20,2664.0,19.0
Massachusetts,2021-01-13,2599.0,17.0
Massachusetts,2021-01-06,2325.0,15.0
Massachusetts,2020-12-30,2085.0,12.0
Massachusetts,2020-12-23,1832.0,11.0
Massachusetts,2020-12-16,1642.0,11.0
Massachusetts,2020-12-09,1514.0,9.0
Massachusetts,2020-12-02,1255.0,8.0
Massachusetts,2020-11-24,1019.0,8.0
Massachusetts,2020-11-18,846.0,8.0
Massachusetts,2020-11-11,740.0,8.0
Massachusetts,2020-11-04,557.0,8.0
Massachusetts,2020-10-28,476.0,8.0
Massachusetts,2020-10-22,472.0,8.0
Massachusetts,2020-10-14,472.0,8.0
Massachusetts,2020-10-08,464.0,8.0
Massachusetts,2020-10-01,449.0,8.0
Massachusetts,2020-09-23,421.0,8.0
Massachusetts,2020-09-17,420.0,8.0
Massachusetts,2020-09-09,420.0,8.0
Massachusetts,2020-09-03,420.0,8.0
Massachusetts,2020-08-26,419.0,8.0
Massachusetts,2020-08-19,419.0,8.0
Massachusetts,2020-08-12,418.0,8.0
Massachusetts,2020-08-05,418.0,8.0
Massachusetts,2020-07-29,418.0,8.0
Massachusetts,2020-07-22,417.0,8.0
Massachusetts,2020-07-15,417.0,8.0
Massachusetts,2020-07-08,417.0,8.0
Massachusetts,2020-06-28,416.0,8.0
Massachusetts,2020-06-21,413.0,8.0
Massachusetts,2020-06-14,411.0,8.0
Massachusetts,2020-06-07,409.0,8.0
Massachusetts,2020-05-31,407.0,8.0
Massachusetts,2020-05-25,396.0,8.0
Massachusetts,2020-05-17,380.0,8.0
Massachusetts,2020-05-10,367.0,7.0
Massachusetts,2020-05-03,266.0,7.0
Massachusetts,2020-04-26,183.0,7.0
Massachusetts,2020-04-19,117.0,7.0
Massachusetts,2020-04-15,89.0,4.0
Massachusetts,2020-04-08,45.0,3.0
Massachusetts,2020-04-01,19.0,0.0
Massachusetts,2020-03-26,9.0,0.0
Maryland,2021-03-16,4244.0,24.0
Maryland,2021-03-01,4196.0,24.0
Maryland,2021-02-22,4128.0,22.0
Maryland,2021-02-15,4067.0,22.0
Maryland,2021-02-08,3997.0,22.0
Maryland,2021-02-01,3916.0,21.0
Maryland,2021-01-25,3842.0,20.0
Maryland,2021-01-19,3625.0,19.0
Maryland,2021-01-11,3422.0,19.0
Maryland,2021-01-04,3259.0,18.0
Maryland,2020-12-28,3090.0,18.0
Maryland,2020-12-21,2666.0,16.0
Maryland,2020-12-14,2342.0,16.0
Maryland,2020-12-07,2173.0,14.0
Maryland,2020-11-30,1673.0,13.0
Maryland,2020-11-23,1468.0,13.0
Maryland,2020-11-16,1199.0,13.0
Maryland,2020-11-09,1039.0,13.0
Maryland,2020-11-02,1026.0,11.0
Maryland,2020-10-27,1001.0,11.0
Maryland,2020-10-20,993.0,11.0
Maryland,2020-10-13,967.0,11.0
Maryland,2020-10-06,923.0,11.0
Maryland,2020-09-28,874.0,11.0
Maryland,2020-09-21,800.0,10.0
Maryland,2020-09-14,767.0,10.0
Maryland,2020-09-08,715.0,9.0
Maryland,2020-08-31,708.0,8.0
Maryland,2020-08-24,695.0,8.0
Maryland,2020-08-17,683.0,8.0
Maryland,2020-08-07,664.0,8.0
Maryland,2020-08-03,659.0,8.0
Maryland,2020-07-27,641.0,8.0
Maryland,2020-07-20,637.0,8.0
Maryland,2020-07-13,628.0,8.0
Maryland,2020-07-06,620.0,8.0
Maryland,2020-06-30,581.0,8.0
Maryland,2020-06-22,433.0,8.0
Maryland,2020-06-15,359.0,8.0
Maryland,2020-06-08,234.0,8.0
Maryland,2020-06-02,186.0,8.0
Maryland,2020-05-25,145.0,6.0
Maryland,2020-05-18,102.0,5.0
Maryland,2020-05-11,77.0,4.0
Maryland,2020-05-04,61.0,2.0
Maryland,2020-04-29,52.0,2.0
Maryland,2020-04-22,45.0,1.0
Maryland,2020-04-13,18.0,1.0
Maryland,2020-04-09,10.0,0.0
Maryland,2020-04-03,3.0,0.0
Maryland,2020-03-26,0.0,0.0
Maine,2021-03-16,164.0,1.0
Maine,2021-03-02,157.0,1.0
Maine,2021-02-23,157.0,1.0
Maine,2021-02-16,157.0,1.0
Maine,2021-02-09,157.0,1.0
Maine,2021-02-03,157.0,1.0
Maine,2021-01-26,157.0,1.0
Maine,2021-01-19,157.0,1.0
Maine,2021-01-12,157.0,1.0
Maine,2021-01-05,156.0,1.0
Maine,2020-12-29,156.0,1.0
Maine,2020-12-22,156.0,0.0
Maine,2020-12-15,151.0,0.0
Maine,2020-12-08,150.0,0.0
Maine,2020-12-01,150.0,0.0
Maine,2020-11-17,150.0,0.0
Maine,2020-11-10,125.0,0.0
Maine,2020-10-27,4.0,0.0
Maine,2020-10-20,4.0,0.0
Maine,2020-10-13,4.0,0.0
Maine,2020-10-06,4.0,0.0
Maine,2020-09-29,4.0,0.0
Maine,2020-09-22,4.0,0.0
Maine,2020-09-15,4.0,0.0
Maine,2020-09-08,4.0,0.0
Maine,2020-09-01,4.0,0.0
Maine,2020-08-25,4.0,0.0
Maine,2020-08-18,4.0,0.0
Maine,2020-08-11,4.0,0.0
Maine,2020-08-03,4.0,0.0
Maine,2020-07-28,4.0,0.0
Maine,2020-07-21,4.0,0.0
Maine,2020-07-14,4.0,0.0
Maine,2020-07-07,4.0,0.0
Maine,2020-07-01,4.0,0.0
Maine,2020-06-23,4.0,0.0
Maine,2020-06-16,4.0,0.0
Maine,2020-06-09,4.0,0.0
Maine,2020-06-02,4.0,0.0
Maine,2020-05-27,4.0,0.0
Maine,2020-05-20,1.0,0.0
Maine,2020-05-13,0.0,0.0
Maine,2020-05-06,0.0,0.0
Maine,2020-04-29,0.0,0.0
Maine,2020-04-22,0.0,0.0
Maine,2020-04-15,0.0,0.0
Maine,2020-04-08,0.0,0.0
Maine,2020-04-01,0.0,0.0
Maine,2020-03-26,0.0,0.0
Louisiana,2021-03-09,3179.0,37.0
Louisiana,2021-03-02,3169.0,36.0
Louisiana,2021-02-23,3106.0,36.0
Louisiana,2021-02-16,3100.0,35.0
Louisiana,2021-02-09,2855.0,35.0
Louisiana,2021-02-02,2846.0,35.0
Louisiana,2021-01-26,2819.0,33.0
Louisiana,2021-01-19,2792.0,33.0
Louisiana,2021-01-12,2765.0,31.0
Louisiana,2021-01-05,2695.0,31.0
Louisiana,2020-12-29,2685.0,31.0
Louisiana,2020-12-22,2631.0,31.0
Louisiana,2020-12-15,2608.0,31.0
Louisiana,2020-12-08,2592.0,31.0
Louisiana,2020-12-01,2575.0,31.0
Louisiana,2020-11-24,2504.0,31.0
Louisiana,2020-11-17,2428.0,30.0
Louisiana,2020-11-10,2416.0,30.0
Louisiana,2020-11-03,2413.0,30.0
Louisiana,2020-10-27,2410.0,30.0
Louisiana,2020-10-20,2405.0,29.0
Louisiana,2020-10-13,2399.0,29.0
Louisiana,2020-10-06,2394.0,29.0
Louisiana,2020-09-29,2361.0,29.0
Louisiana,2020-09-22,2299.0,27.0
Louisiana,2020-09-15,2085.0,26.0
Louisiana,2020-09-08,1910.0,24.0
Louisiana,2020-09-01,1479.0,22.0
Louisiana,2020-08-25,1225.0,19.0
Louisiana,2020-08-18,1006.0,19.0
Louisiana,2020-08-11,930.0,18.0
Louisiana,2020-08-04,907.0,17.0
Louisiana,2020-07-28,833.0,17.0
Louisiana,2020-07-21,713.0,16.0
Louisiana,2020-07-14,663.0,16.0
Louisiana,2020-07-07,641.0,16.0
Louisiana,2020-06-30,627.0,16.0
Louisiana,2020-06-23,624.0,15.0
Louisiana,2020-06-16,616.0,15.0
Louisiana,2020-06-09,606.0,15.0
Louisiana,2020-06-02,556.0,14.0
Louisiana,2020-05-27,511.0,14.0
Louisiana,2020-05-20,438.0,11.0
Louisiana,2020-05-13,374.0,10.0
Louisiana,2020-05-06,338.0,4.0
Louisiana,2020-04-29,273.0,3.0
Louisiana,2020-04-22,120.0,2.0
Louisiana,2020-04-15,65.0,0.0
Louisiana,2020-04-08,33.0,0.0
Louisiana,2020-04-01,14.0,0.0
Louisiana,2020-03-26,0.0,0.0
Kentucky,2021-03-16,7806.0,46.0
Kentucky,2021-03-09,7361.0,45.0
Kentucky,2021-03-02,7159.0,44.0
Kentucky,2021-02-23,6943.0,44.0
Kentucky,2021-02-16,6907.0,44.0
Kentucky,2021-02-09,6902.0,44.0
Kentucky,2021-02-02,6884.0,43.0
Kentucky,2021-01-26,6729.0,42.0
Kentucky,2021-01-19,6596.0,39.0
Kentucky,2021-01-12,5296.0,39.0
Kentucky,2021-01-05,4396.0,37.0
Kentucky,2020-12-28,4138.0,34.0
Kentucky,2020-12-22,3873.0,34.0
Kentucky,2020-12-15,3123.0,28.0
Kentucky,2020-12-08,2895.0,24.0
Kentucky,2020-12-01,2706.0,17.0
Kentucky,2020-11-24,2486.0,15.0
Kentucky,2020-11-18,2056.0,13.0
Kentucky,2020-11-10,1524.0,13.0
Kentucky,2020-11-03,1250.0,13.0
Kentucky,2020-10-27,1164.0,13.0
Kentucky,2020-10-20,938.0,13.0
Kentucky,2020-10-13,902.0,13.0
Kentucky,2020-10-06,900.0,13.0
Kentucky,2020-09-29,900.0,13.0
Kentucky,2020-09-22,900.0,13.0
Kentucky,2020-09-15,896.0,13.0
Kentucky,2020-09-08,888.0,13.0
Kentucky,2020-09-01,877.0,13.0
Kentucky,2020-08-25,877.0,12.0
Kentucky,2020-08-18,863.0,12.0
Kentucky,2020-08-11,851.0,11.0
Kentucky,2020-08-04,838.0,10.0
Kentucky,2020-07-28,807.0,8.0
Kentucky,2020-07-20,770.0,6.0
Kentucky,2020-07-14,624.0,4.0
Kentucky,2020-07-07,528.0,2.0
Kentucky,2020-06-29,432.0,2.0
Kentucky,2020-06-23,430.0,2.0
Kentucky,2020-06-16,409.0,2.0
Kentucky,2020-06-09,367.0,2.0
Kentucky,2020-06-02,363.0,2.0
Kentucky,2020-05-27,359.0,2.0
Kentucky,2020-05-20,358.0,2.0
Kentucky,2020-05-13,357.0,2.0
Kentucky,2020-05-06,340.0,2.0
Kentucky,2020-04-29,47.0,2.0
Kentucky,2020-04-22,19.0,1.0
Kentucky,2020-04-15,18.0,0.0
Kentucky,2020-04-09,9.0,0.0
Kansas,2021-03-15,6097.0,16.0
Kansas,2021-03-08,6097.0,15.0
Kansas,2021-03-01,6094.0,15.0
Kansas,2021-02-22,6085.0,14.0
Kansas,2021-02-15,6027.0,14.0
Kansas,2021-02-08,5928.0,14.0
Kansas,2021-02-04,5903.0,14.0
Kansas,2021-01-28,5761.0,14.0
Kansas,2021-01-21,5420.0,13.0
Kansas,2021-01-11,5361.0,13.0
Kansas,2021-01-07,5301.0,13.0
Kansas,2020-12-28,5183.0,12.0
Kansas,2020-12-14,5156.0,11.0
Kansas,2020-12-10,5111.0,11.0
Kansas,2020-12-03,4960.0,11.0
Kansas,2020-11-23,4665.0,11.0
Kansas,2020-11-18,4539.0,11.0
Kansas,2020-11-12,4406.0,9.0
Kansas,2020-11-04,3653.0,9.0
Kansas,2020-10-29,3605.0,7.0
Kansas,2020-10-20,2828.0,5.0
Kansas,2020-10-07,2486.0,5.0
Kansas,2020-10-02,2411.0,5.0
Kansas,2020-09-23,2087.0,5.0
Kansas,2020-09-16,1939.0,5.0
Kansas,2020-09-09,1750.0,4.0
Kansas,2020-09-03,1571.0,4.0
Kansas,2020-08-26,1408.0,4.0
Kansas,2020-08-19,1151.0,4.0
Kansas,2020-08-12,1029.0,4.0
Kansas,2020-08-05,928.0,4.0
Kansas,2020-07-29,925.0,4.0
Kansas,2020-07-22,911.0,4.0
Kansas,2020-07-15,910.0,4.0
Kansas,2020-07-10,910.0,4.0
Kansas,2020-07-01,910.0,4.0
Kansas,2020-06-23,901.0,4.0
Kansas,2020-06-15,894.0,4.0
Kansas,2020-06-08,891.0,4.0
Kansas,2020-06-02,879.0,4.0
Kansas,2020-05-27,865.0,4.0
Kansas,2020-05-20,865.0,4.0
Kansas,2020-05-13,790.0,3.0
Kansas,2020-05-06,615.0,3.0
Kansas,2020-04-29,81.0,2.0
Kansas,2020-04-22,52.0,0.0
Kansas,2020-04-15,21.0,0.0
Kansas,2020-04-09,12.0,0.0
Kansas,2020-04-01,0.0,0.0
Kansas,2020-03-26,0.0,0.0
Iowa,2021-03-16,4824.0,19.0
Iowa,2021-03-09,4818.0,19.0
Iowa,2021-03-02,4786.0,19.0
Iowa,2021-02-23,4605.0,19.0
Iowa,2021-02-17,4560.0,18.0
Iowa,2021-02-09,4483.0,18.0
Iowa,2021-02-02,4470.0,17.0
Iowa,2021-01-26,4427.0,14.0
Iowa,2021-01-19,4332.0,14.0
Iowa,2021-01-12,4240.0,14.0
Iowa,2021-01-05,4091.0,13.0
Iowa,2020-12-29,3957.0,13.0
Iowa,2020-12-22,3794.0,13.0
Iowa,2020-12-15,3732.0,12.0
Iowa,2020-12-08,3666.0,11.0
Iowa,2020-12-01,3374.0,10.0
Iowa,2020-11-24,3199.0,10.0
Iowa,2020-11-17,2985.0,7.0
Iowa,2020-11-10,2426.0,5.0
Iowa,2020-11-03,1394.0,4.0
Iowa,2020-10-27,1256.0,4.0
Iowa,2020-10-20,1238.0,4.0
Iowa,2020-10-13,1215.0,4.0
Iowa,2020-10-06,1163.0,4.0
Iowa,2020-09-29,1083.0,4.0
Iowa,2020-09-22,1012.0,4.0
Iowa,2020-09-15,837.0,4.0
Iowa,2020-09-08,819.0,4.0
Iowa,2020-09-01,658.0,3.0
Iowa,2020-08-25,524.0,3.0
Iowa,2020-08-18,439.0,3.0
Iowa,2020-08-11,397.0,3.0
Iowa,2020-08-04,378.0,3.0
Iowa,2020-07-28,375.0,3.0
Iowa,2020-07-21,334.0,1.0
Iowa,2020-07-14,225.0,1.0
Iowa,2020-07-07,96.0,1.0
Iowa,2020-06-29,35.0,0.0
Iowa,2020-06-23,34.0,0.0
Iowa,2020-06-16,30.0,0.0
Iowa,2020-06-09,30.0,0.0
Iowa,2020-06-02,24.0,0.0
Iowa,2020-05-27,23.0,0.0
Iowa,2020-05-20,23.0,0.0
Iowa,2020-05-13,21.0,0.0
Iowa,2020-05-06,21.0,0.0
Iowa,2020-04-29,15.0,0.0
Iowa,2020-04-22,12.0,0.0
Iowa,2020-04-15,0.0,0.0
Iowa,2020-04-08,0.0,0.0
Iowa,2020-04-01,0.0,0.0
Iowa,2020-03-26,0.0,0.0
Indiana,2021-03-17,3467.0,51.0
Indiana,2021-03-12,3456.0,51.0
Indiana,2021-03-02,3436.0,51.0
Indiana,2021-02-23,3435.0,51.0
Indiana,2021-02-16,3424.0,50.0
Indiana,2021-02-09,3289.0,49.0
Indiana,2021-02-02,3267.0,49.0
Indiana,2021-01-26,3234.0,49.0
Indiana,2021-01-19,3123.0,49.0
Indiana,2021-01-12,3092.0,48.0
Indiana,2021-01-05,3038.0,46.0
Indiana,2020-12-29,2968.0,45.0
Indiana,2020-12-22,2915.0,44.0
Indiana,2020-12-15,2790.0,40.0
Indiana,2020-12-08,2604.0,40.0
Indiana,2020-12-01,2291.0,37.0
Indiana,2020-11-24,2039.0,35.0
Indiana,2020-11-17,1859.0,33.0
Indiana,2020-11-10,1726.0,30.0
Indiana,2020-11-04,1597.0,28.0
Indiana,2020-10-27,1443.0,28.0
Indiana,2020-10-20,1385.0,27.0
Indiana,2020-10-13,1320.0,27.0
Indiana,2020-10-06,1289.0,27.0
Indiana,2020-09-29,1210.0,26.0
Indiana,2020-09-22,1158.0,24.0
Indiana,2020-09-15,1124.0,24.0
Indiana,2020-09-08,1018.0,21.0
Indiana,2020-09-01,992.0,21.0
Indiana,2020-08-25,962.0,20.0
Indiana,2020-08-18,921.0,20.0
Indiana,2020-08-11,800.0,20.0
Indiana,2020-08-04,719.0,20.0
Indiana,2020-07-28,706.0,20.0
Indiana,2020-07-21,703.0,20.0
Indiana,2020-07-14,702.0,20.0
Indiana,2020-07-07,700.0,20.0
Indiana,2020-06-30,698.0,20.0
Indiana,2020-06-23,681.0,20.0
Indiana,2020-06-16,673.0,19.0
Indiana,2020-06-09,666.0,19.0
Indiana,2020-06-02,658.0,19.0
Indiana,2020-05-27,656.0,18.0
Indiana,2020-05-20,631.0,17.0
Indiana,2020-05-13,579.0,16.0
Indiana,2020-05-06,496.0,13.0
Indiana,2020-04-29,334.0,7.0
Indiana,2020-04-22,238.0,3.0
Indiana,2020-04-15,34.0,1.0
Indiana,2020-04-08,10.0,0.0
Indiana,2020-04-01,5.0,0.0
Indiana,2020-03-26,0.0,0.0
Illinois,2021-03-16,10797.0,87.0
Illinois,2021-03-09,10771.0,87.0
Illinois,2021-02-23,10651.0,87.0
Illinois,2021-02-16,10532.0,87.0
Illinois,2021-02-09,10471.0,86.0
Illinois,2021-02-02,10361.0,85.0
Illinois,2021-01-26,10197.0,84.0
Illinois,2021-01-19,9973.0,80.0
Illinois,2021-01-05,8828.0,70.0
Illinois,2020-12-29,7552.0,65.0
Illinois,2020-12-22,6921.0,50.0
Illinois,2020-12-08,5219.0,50.0
Illinois,2020-12-01,4530.0,45.0
Illinois,2020-11-24,3960.0,41.0
Illinois,2020-11-17,3347.0,36.0
Illinois,2020-11-10,3008.0,34.0
Illinois,2020-11-04,2598.0,31.0
Illinois,2020-10-27,2300.0,29.0
Illinois,2020-10-20,2110.0,27.0
Illinois,2020-10-13,1989.0,25.0
Illinois,2020-09-29,1783.0,22.0
Illinois,2020-09-22,1615.0,17.0
Illinois,2020-09-15,1356.0,14.0
Illinois,2020-09-08,1240.0,14.0
Illinois,2020-09-01,912.0,14.0
Illinois,2020-08-18,662.0,14.0
Illinois,2020-08-11,532.0,13.0
Illinois,2020-08-04,373.0,13.0
Illinois,2020-07-28,360.0,13.0
Illinois,2020-07-21,343.0,13.0
Illinois,2020-07-14,337.0,13.0
Illinois,2020-07-07,337.0,13.0
Illinois,2020-06-30,322.0,13.0
Illinois,2020-06-23,274.0,13.0
Illinois,2020-06-16,263.0,13.0
Illinois,2020-06-09,231.0,13.0
Illinois,2020-06-02,221.0,13.0
Illinois,2020-05-28,215.0,13.0
Illinois,2020-05-20,204.0,12.0
Illinois,2020-05-14,192.0,12.0
Illinois,2020-05-06,176.0,12.0
Illinois,2020-04-29,155.0,10.0
Illinois,2020-04-22,148.0,10.0
Illinois,2020-04-16,146.0,8.0
Illinois,2020-04-08,112.0,2.0
Illinois,2020-04-01,52.0,1.0
Illinois,2020-03-25,3.0,0.0
Idaho,2021-03-16,4116.0,6.0
Idaho,2021-03-09,4111.0,6.0
Idaho,2021-03-02,4093.0,6.0
Idaho,2021-02-23,4085.0,6.0
Idaho,2021-02-16,4071.0,6.0
Idaho,2021-02-09,4042.0,6.0
Idaho,2021-02-02,3996.0,6.0
Idaho,2021-01-26,3966.0,6.0
Idaho,2021-01-19,3909.0,6.0
Idaho,2021-01-12,3836.0,6.0
Idaho,2021-01-05,3775.0,6.0
Idaho,2020-12-29,3605.0,6.0
Idaho,2020-12-22,3582.0,6.0
Idaho,2020-12-15,3408.0,6.0
Idaho,2020-12-08,2934.0,6.0
Idaho,2020-12-01,2633.0,5.0
Idaho,2020-11-24,2633.0,5.0
Idaho,2020-11-17,2284.0,5.0
Idaho,2020-11-10,2249.0,4.0
Idaho,2020-11-03,2169.0,3.0
Idaho,2020-10-27,2154.0,3.0
Idaho,2020-10-20,1994.0,3.0
Idaho,2020-10-13,1991.0,2.0
Idaho,2020-10-06,1899.0,2.0
Idaho,2020-09-29,1757.0,2.0
Idaho,2020-09-24,1696.0,2.0
Idaho,2020-09-15,1604.0,2.0
Idaho,2020-09-08,1407.0,2.0
Idaho,2020-09-01,1274.0,2.0
Idaho,2020-08-25,1214.0,1.0
Idaho,2020-08-18,1136.0,1.0
Idaho,2020-08-11,1062.0,1.0
Idaho,2020-08-04,925.0,1.0
Idaho,2020-07-28,772.0,0.0
Idaho,2020-07-21,763.0,0.0
Idaho,2020-07-14,694.0,0.0
Idaho,2020-07-07,131.0,0.0
Idaho,2020-06-30,9.0,0.0
Idaho,2020-06-23,0.0,0.0
Idaho,2020-06-16,0.0,0.0
Idaho,2020-06-09,0.0,0.0
Idaho,2020-06-02,0.0,0.0
Idaho,2020-05-27,0.0,0.0
Idaho,2020-05-20,0.0,0.0
Idaho,2020-05-13,0.0,0.0
Idaho,2020-05-05,0.0,0.0
Idaho,2020-04-29,0.0,0.0
Idaho,2020-04-21,0.0,0.0
Idaho,2020-04-15,0.0,0.0
Idaho,2020-04-08,0.0,0.0
Idaho,2020-04-01,0.0,0.0
Idaho,2020-03-26,0.0,0.0
Hawaii,2021-03-16,1959.0,9.0
Hawaii,2021-03-09,1957.0,9.0
Hawaii,2021-03-02,1929.0,9.0
Hawaii,2021-02-23,1905.0,9.0
Hawaii,2021-02-16,1894.0,8.0
Hawaii,2021-02-09,1882.0,8.0
Hawaii,2021-02-03,1875.0,3.0
Hawaii,2021-01-26,1872.0,2.0
Hawaii,2021-01-19,1871.0,2.0
Hawaii,2021-01-12,1870.0,2.0
Hawaii,2021-01-05,1816.0,1.0
Hawaii,2020-12-29,1710.0,1.0
Hawaii,2020-12-22,1632.0,1.0
Hawaii,2020-12-15,1467.0,1.0
Hawaii,2020-12-08,1296.0,1.0
Hawaii,2020-12-01,1248.0,1.0
Hawaii,2020-11-24,1226.0,1.0
Hawaii,2020-11-17,953.0,0.0
Hawaii,2020-11-10,878.0,0.0
Hawaii,2020-11-04,803.0,0.0
Hawaii,2020-10-27,475.0,0.0
Hawaii,2020-10-20,430.0,0.0
Hawaii,2020-10-13,408.0,0.0
Hawaii,2020-10-06,397.0,0.0
Hawaii,2020-09-29,350.0,0.0
Hawaii,2020-09-22,320.0,0.0
Hawaii,2020-09-15,310.0,0.0
Hawaii,2020-09-08,300.0,0.0
Hawaii,2020-09-01,299.0,0.0
Hawaii,2020-08-25,243.0,0.0
Hawaii,2020-08-19,232.0,0.0
Hawaii,2020-08-11,9.0,0.0
Hawaii,2020-08-04,0.0,0.0
Hawaii,2020-07-28,0.0,0.0
Hawaii,2020-07-21,0.0,0.0
Hawaii,2020-07-14,0.0,0.0
Hawaii,2020-07-07,0.0,0.0
Hawaii,2020-06-30,0.0,0.0
Hawaii,2020-06-23,0.0,0.0
Hawaii,2020-06-16,0.0,0.0
Hawaii,2020-06-09,0.0,0.0
Hawaii,2020-06-02,0.0,0.0
Hawaii,2020-05-27,0.0,0.0
Hawaii,2020-05-20,0.0,0.0
Hawaii,2020-05-13,0.0,0.0
Hawaii,2020-05-06,0.0,0.0
Hawaii,2020-04-29,0.0,0.0
Hawaii,2020-04-22,0.0,0.0
Hawaii,2020-04-15,0.0,0.0
Hawaii,2020-04-08,0.0,0.0
Hawaii,2020-04-01,0.0,0.0
Hawaii,2020-03-26,0.0,0.0
Georgia,2021-03-16,3657.0,93.0
Georgia,2021-03-09,3626.0,92.0
Georgia,2021-03-02,3609.0,92.0
Georgia,2021-02-23,3546.0,89.0
Georgia,2021-02-16,3469.0,88.0
Georgia,2021-02-09,3424.0,88.0
Georgia,2021-02-03,3366.0,88.0
Georgia,2021-01-27,3314.0,88.0
Georgia,2021-01-19,3056.0,88.0
Georgia,2021-01-12,2893.0,87.0
Georgia,2021-01-05,2785.0,85.0
Georgia,2020-12-29,2649.0,85.0
Georgia,2020-12-22,2549.0,83.0
Georgia,2020-12-15,2488.0,83.0
Georgia,2020-12-08,2406.0,82.0
Georgia,2020-12-01,2352.0,82.0
Georgia,2020-11-24,2276.0,81.0
Georgia,2020-11-17,2182.0,80.0
Georgia,2020-11-10,2095.0,79.0
Georgia,2020-11-03,2063.0,78.0
Georgia,2020-10-27,2044.0,78.0
Georgia,2020-10-20,1966.0,74.0
Georgia,2020-10-13,1947.0,71.0
Georgia,2020-10-06,1917.0,69.0
Georgia,2020-09-29,1876.0,65.0
Georgia,2020-09-22,1851.0,61.0
Georgia,2020-09-15,1813.0,59.0
Georgia,2020-09-08,1752.0,54.0
Georgia,2020-09-01,1656.0,45.0
Georgia,2020-08-25,1436.0,41.0
Georgia,2020-08-18,1268.0,39.0
Georgia,2020-08-11,1139.0,34.0
Georgia,2020-08-04,1017.0,33.0
Georgia,2020-07-28,886.0,31.0
Georgia,2020-07-21,847.0,26.0
Georgia,2020-07-14,806.0,25.0
Georgia,2020-07-07,730.0,23.0
Georgia,2020-06-30,711.0,22.0
Georgia,2020-06-23,530.0,22.0
Georgia,2020-06-17,505.0,20.0
Georgia,2020-06-09,447.0,19.0
Georgia,2020-06-02,423.0,17.0
Georgia,2020-05-27,415.0,17.0
Georgia,2020-05-20,401.0,15.0
Georgia,2020-05-13,370.0,12.0
Georgia,2020-05-06,302.0,10.0
Georgia,2020-04-29,228.0,8.0
Georgia,2020-04-22,155.0,4.0
Georgia,2020-04-15,67.0,3.0
Georgia,2020-04-09,36.0,2.0
Georgia,2020-04-01,11.0,1.0
Georgia,2020-03-26,4.0,1.0
Florida,2021-03-17,17918.0,210.0
Florida,2021-03-10,17907.0,210.0
Florida,2021-03-03,17892.0,210.0
Florida,2021-02-24,17876.0,208.0
Florida,2021-02-17,17864.0,205.0
Florida,2021-02-10,17807.0,205.0
Florida,2021-02-03,17767.0,205.0
Florida,2021-01-19,17734.0,205.0
Florida,2021-01-13,17614.0,204.0
Florida,2021-01-06,17560.0,196.0
Florida,2020-12-30,17537.0,191.0
Florida,2020-12-23,17497.0,189.0
Florida,2020-12-16,17208.0,189.0
Florida,2020-12-09,17037.0,189.0
Florida,2020-12-02,17021.0,189.0
Florida,2020-11-25,17015.0,187.0
Florida,2020-11-18,16999.0,187.0
Florida,2020-11-10,16969.0,184.0
Florida,2020-11-04,16631.0,180.0
Florida,2020-10-28,16624.0,170.0
Florida,2020-10-21,16599.0,161.0
Florida,2020-10-14,16483.0,154.0
Florida,2020-10-07,16428.0,141.0
Florida,2020-09-30,16363.0,134.0
Florida,2020-09-23,16197.0,127.0
Florida,2020-09-16,15983.0,117.0
Florida,2020-09-09,15740.0,114.0
Florida,2020-09-02,15602.0,102.0
Florida,2020-08-26,15445.0,88.0
Florida,2020-08-19,15170.0,77.0
Florida,2020-08-11,12988.0,70.0
Florida,2020-08-04,9180.0,54.0
Florida,2020-07-28,6946.0,46.0
Florida,2020-07-21,3898.0,34.0
Florida,2020-07-14,2632.0,29.0
Florida,2020-07-07,2514.0,26.0
Florida,2020-06-30,2027.0,24.0
Florida,2020-06-23,1798.0,21.0
Florida,2020-06-16,1692.0,19.0
Florida,2020-06-09,1590.0,17.0
Florida,2020-06-02,1543.0,15.0
Florida,2020-05-27,1434.0,11.0
Florida,2020-05-20,1191.0,10.0
Florida,2020-05-13,843.0,9.0
Florida,2020-05-06,393.0,7.0
Florida,2020-04-29,202.0,5.0
Florida,2020-04-22,136.0,4.0
Florida,2020-04-15,42.0,2.0
Florida,2020-04-08,5.0,0.0
Florida,2020-04-01,0.0,0.0
Florida,2020-03-27,0.0,0.0
Federal,2021-03-02,49324.0,239.0
Federal,2021-02-23,49144.0,236.0
Federal,2021-02-16,48519.0,236.0
Federal,2021-02-09,48071.0,231.0
Federal,2021-02-02,47615.0,226.0
Federal,2021-01-26,47183.0,222.0
Federal,2021-01-19,45317.0,216.0
Federal,2021-01-15,44757.0,204.0
Federal,2021-01-05,42066.0,196.0
Federal,2020-12-29,39556.0,193.0
Federal,2020-12-22,36533.0,183.0
Federal,2020-12-15,33410.0,175.0
Federal,2020-12-08,30312.0,165.0
Federal,2020-12-01,26388.0,157.0
Federal,2020-11-24,24317.0,157.0
Federal,2020-11-17,22203.0,152.0
Federal,2020-11-10,20495.0,146.0
Federal,2020-11-03,19184.0,141.0
Federal,2020-10-27,18166.0,137.0
Federal,2020-10-20,17449.0,136.0
Federal,2020-10-13,16446.0,135.0
Federal,2020-10-06,16012.0,134.0
Federal,2020-09-29,15595.0,133.0
Federal,2020-09-22,15016.0,131.0
Federal,2020-09-15,14215.0,129.0
Federal,2020-09-08,13539.0,126.0
Federal,2020-09-01,13139.0,125.0
Federal,2020-08-25,12525.0,122.0
Federal,2020-08-18,11953.0,120.0
Federal,2020-08-11,11524.0,116.0
Federal,2020-08-04,11213.0,109.0
Federal,2020-07-28,10779.0,105.0
Federal,2020-07-21,10154.0,102.0
Federal,2020-07-14,8896.0,99.0
Federal,2020-07-07,7639.0,98.0
Federal,2020-06-30,6947.0,94.0
Federal,2020-06-23,6621.0,91.0
Federal,2020-06-16,6458.0,88.0
Federal,2020-06-09,6394.0,81.0
Federal,2020-06-02,5815.0,73.0
Federal,2020-05-27,5239.0,65.0
Federal,2020-05-20,4664.0,59.0
Federal,2020-05-13,4365.0,52.0
Federal,2020-05-06,2701.0,42.0
Federal,2020-04-29,1979.0,31.0
Federal,2020-04-22,838.0,24.0
Federal,2020-04-15,509.0,18.0
Federal,2020-04-08,275.0,8.0
Federal,2020-04-01,60.0,3.0
Federal,2020-03-26,10.0,0.0
Delaware,2021-03-02,2012.0,13.0
Delaware,2021-01-11,1899.0,12.0
Delaware,2020-12-29,1750.0,12.0
Delaware,2020-12-22,1564.0,12.0
Delaware,2020-12-01,1093.0,11.0
Delaware,2020-11-18,618.0,11.0
Delaware,2020-11-11,579.0,11.0
Delaware,2020-11-03,579.0,11.0
Delaware,2020-10-28,575.0,11.0
Delaware,2020-10-01,571.0,11.0
Delaware,2020-09-18,546.0,11.0
Delaware,2020-08-27,541.0,10.0
Delaware,2020-08-18,541.0,10.0
Delaware,2020-08-12,529.0,10.0
Delaware,2020-08-03,529.0,8.0
Delaware,2020-07-29,528.0,8.0
Delaware,2020-07-22,508.0,7.0
Delaware,2020-07-10,295.0,7.0
Delaware,2020-07-08,270.0,7.0
Delaware,2020-06-29,150.0,7.0
Delaware,2020-06-25,148.0,7.0
Delaware,2020-06-12,148.0,7.0
Delaware,2020-06-11,148.0,7.0
Delaware,2020-06-01,148.0,7.0
Delaware,2020-05-29,148.0,7.0
Delaware,2020-05-20,141.0,6.0
Delaware,2020-05-13,139.0,6.0
Delaware,2020-05-07,125.0,3.0
Delaware,2020-04-28,67.0,3.0
Delaware,2020-04-22,41.0,1.0
Delaware,2020-04-15,13.0,0.0
Delaware,2020-04-08,2.0,0.0
Delaware,2020-04-01,0.0,0.0
Delaware,2020-03-24,0.0,0.0
Connecticut,2021-03-16,4245.0,19.0
Connecticut,2021-03-09,4193.0,19.0
Connecticut,2021-03-02,4117.0,19.0
Connecticut,2021-02-23,3932.0,19.0
Connecticut,2021-02-16,3932.0,19.0
Connecticut,2021-02-02,3811.0,19.0
Connecticut,2021-01-26,3723.0,19.0
Connecticut,2021-01-19,3547.0,17.0
Connecticut,2021-01-14,3508.0,16.0
Connecticut,2021-01-05,3289.0,14.0
Connecticut,2020-12-29,2955.0,13.0
Connecticut,2020-12-22,2801.0,13.0
Connecticut,2020-12-08,2382.0,10.0
Connecticut,2020-12-01,1930.0,8.0
Connecticut,2020-11-24,1809.0,8.0
Connecticut,2020-11-17,1749.0,8.0
Connecticut,2020-11-10,1686.0,7.0
Connecticut,2020-11-03,1674.0,7.0
Connecticut,2020-10-27,1673.0,7.0
Connecticut,2020-10-20,1669.0,7.0
Connecticut,2020-10-13,1634.0,7.0
Connecticut,2020-10-06,1558.0,7.0
Connecticut,2020-10-01,1558.0,7.0
Connecticut,2020-09-22,1558.0,7.0
Connecticut,2020-09-16,1558.0,7.0
Connecticut,2020-09-08,1553.0,7.0
Connecticut,2020-09-01,1549.0,7.0
Connecticut,2020-08-25,1538.0,7.0
Connecticut,2020-08-18,1500.0,7.0
Connecticut,2020-08-11,1446.0,7.0
Connecticut,2020-08-05,1433.0,7.0
Connecticut,2020-07-28,1401.0,7.0
Connecticut,2020-07-21,1344.0,7.0
Connecticut,2020-07-14,1343.0,7.0
Connecticut,2020-07-07,1343.0,7.0
Connecticut,2020-06-30,1342.0,7.0
Connecticut,2020-06-26,1256.0,7.0
Connecticut,2020-06-16,1210.0,7.0
Connecticut,2020-06-12,1210.0,7.0
Connecticut,2020-06-02,870.0,7.0
Connecticut,2020-05-28,853.0,7.0
Connecticut,2020-05-20,684.0,6.0
Connecticut,2020-05-13,526.0,6.0
Connecticut,2020-05-06,478.0,6.0
Connecticut,2020-04-29,417.0,3.0
Connecticut,2020-04-22,321.0,1.0
Connecticut,2020-04-15,199.0,1.0
Connecticut,2020-04-07,46.0,0.0
Connecticut,2020-04-01,2.0,0.0
Colorado,2021-03-16,8706.0,29.0
Colorado,2021-03-09,8691.0,29.0
Colorado,2021-03-02,8662.0,29.0
Colorado,2021-02-23,8626.0,29.0
Colorado,2021-02-16,8549.0,28.0
Colorado,2021-02-09,8397.0,28.0
Colorado,2021-02-02,8273.0,28.0
Colorado,2021-01-26,8147.0,27.0
Colorado,2021-01-20,8006.0,25.0
Colorado,2021-01-12,7842.0,25.0
Colorado,2021-01-05,7512.0,25.0
Colorado,2020-12-29,7125.0,24.0
Colorado,2020-12-22,6810.0,19.0
Colorado,2020-12-15,6276.0,17.0
Colorado,2020-12-08,5754.0,14.0
Colorado,2020-12-01,4548.0,11.0
Colorado,2020-11-24,3535.0,7.0
Colorado,2020-11-18,2933.0,6.0
Colorado,2020-11-10,1996.0,4.0
Colorado,2020-11-03,1718.0,4.0
Colorado,2020-10-27,1407.0,4.0
Colorado,2020-10-20,1197.0,3.0
Colorado,2020-10-13,972.0,3.0
Colorado,2020-10-06,893.0,3.0
Colorado,2020-09-29,892.0,3.0
Colorado,2020-09-22,892.0,3.0
Colorado,2020-09-15,888.0,3.0
Colorado,2020-09-08,886.0,3.0
Colorado,2020-09-01,883.0,3.0
Colorado,2020-08-25,883.0,3.0
Colorado,2020-08-18,877.0,3.0
Colorado,2020-08-11,862.0,3.0
Colorado,2020-08-04,860.0,3.0
Colorado,2020-07-28,841.0,3.0
Colorado,2020-07-21,783.0,3.0
Colorado,2020-07-14,668.0,3.0
Colorado,2020-07-07,631.0,3.0
Colorado,2020-06-30,630.0,3.0
Colorado,2020-06-23,629.0,3.0
Colorado,2020-06-16,628.0,3.0
Colorado,2020-06-12,626.0,3.0
Colorado,2020-06-02,621.0,2.0
Colorado,2020-05-27,593.0,2.0
Colorado,2020-05-20,486.0,2.0
Colorado,2020-05-13,479.0,2.0
Colorado,2020-05-07,310.0,1.0
Colorado,2020-04-30,256.0,0.0
Colorado,2020-04-21,9.0,0.0
Colorado,2020-04-15,3.0,0.0
Colorado,2020-04-09,1.0,0.0
Colorado,2020-04-02,0.0,0.0
Colorado,2020-03-26,0.0,0.0
California,2021-03-16,49176.0,216.0
California,2021-03-09,49161.0,212.0
California,2021-03-02,49115.0,212.0
California,2021-02-23,49036.0,210.0
California,2021-02-16,48837.0,208.0
California,2021-02-09,48375.0,206.0
California,2021-02-02,47502.0,195.0
California,2021-01-26,46595.0,187.0
California,2021-01-19,45486.0,175.0
California,2021-01-12,44079.0,162.0
California,2021-01-05,41562.0,139.0
California,2020-12-29,38398.0,120.0
California,2020-12-22,34866.0,112.0
California,2020-12-15,30745.0,101.0
California,2020-12-08,24782.0,93.0
California,2020-12-04,22508.0,90.0
California,2020-11-25,19479.0,85.0
California,2020-11-20,18083.0,83.0
California,2020-11-10,16749.0,82.0
California,2020-11-03,16057.0,80.0
California,2020-10-27,15620.0,76.0
California,2020-10-20,15306.0,70.0
California,2020-10-13,15187.0,69.0
California,2020-10-06,14870.0,69.0
California,2020-09-29,14223.0,67.0
California,2020-09-22,13710.0,60.0
California,2020-09-15,12125.0,60.0
California,2020-09-08,11388.0,59.0
California,2020-09-01,10658.0,58.0
California,2020-08-25,10163.0,57.0
California,2020-08-18,9650.0,55.0
California,2020-08-11,8816.0,53.0
California,2020-08-04,8382.0,50.0
California,2020-07-28,7706.0,47.0
California,2020-07-21,7066.0,40.0
California,2020-07-14,6458.0,35.0
California,2020-07-07,5372.0,29.0
California,2020-06-30,4939.0,22.0
California,2020-06-23,3800.0,19.0
California,2020-06-16,3225.0,17.0
California,2020-06-09,3028.0,12.0
California,2020-06-02,2365.0,11.0
California,2020-05-27,1216.0,9.0
California,2020-05-20,915.0,6.0
California,2020-05-13,535.0,5.0
California,2020-05-06,398.0,1.0
California,2020-04-29,205.0,1.0
California,2020-04-22,135.0,1.0
California,2020-04-15,69.0,0.0
California,2020-04-08,25.0,0.0
California,2020-04-01,8.0,0.0
California,2020-03-26,1.0,0.0
Arkansas,2021-03-16,11172.0,52.0
Arkansas,2021-03-09,11146.0,52.0
Arkansas,2021-03-02,11106.0,52.0
Arkansas,2021-02-23,11033.0,52.0
Arkansas,2021-02-16,11032.0,52.0
Arkansas,2021-02-09,10992.0,52.0
Arkansas,2021-02-02,10954.0,52.0
Arkansas,2021-01-26,10905.0,52.0
Arkansas,2021-01-19,10877.0,52.0
Arkansas,2021-01-12,10832.0,51.0
Arkansas,2021-01-05,10741.0,51.0
Arkansas,2020-12-29,10579.0,50.0
Arkansas,2020-12-22,10203.0,50.0
Arkansas,2020-12-15,9745.0,50.0
Arkansas,2020-12-08,9386.0,49.0
Arkansas,2020-12-01,9014.0,49.0
Arkansas,2020-11-24,8786.0,48.0
Arkansas,2020-11-17,8566.0,48.0
Arkansas,2020-11-10,8343.0,48.0
Arkansas,2020-11-03,7820.0,48.0
Arkansas,2020-10-27,7529.0,48.0
Arkansas,2020-10-20,7084.0,47.0
Arkansas,2020-10-13,6874.0,45.0
Arkansas,2020-10-06,6606.0,45.0
Arkansas,2020-09-29,6422.0,42.0
Arkansas,2020-09-22,6146.0,39.0
Arkansas,2020-09-15,5834.0,39.0
Arkansas,2020-09-08,5752.0,39.0
Arkansas,2020-09-01,5570.0,39.0
Arkansas,2020-08-25,5194.0,38.0
Arkansas,2020-08-18,5038.0,36.0
Arkansas,2020-08-11,4665.0,34.0
Arkansas,2020-08-04,4182.0,31.0
Arkansas,2020-07-28,3851.0,27.0
Arkansas,2020-07-21,3789.0,25.0
Arkansas,2020-07-14,3482.0,16.0
Arkansas,2020-07-07,2981.0,14.0
Arkansas,2020-06-30,2487.0,13.0
Arkansas,2020-06-23,2301.0,11.0
Arkansas,2020-06-16,1801.0,11.0
Arkansas,2020-06-09,1336.0,11.0
Arkansas,2020-06-02,1253.0,9.0
Arkansas,2020-05-27,1251.0,8.0
Arkansas,2020-05-19,1246.0,8.0
Arkansas,2020-05-13,1066.0,7.0
Arkansas,2020-05-07,944.0,5.0
Arkansas,2020-04-28,923.0,0.0
Arkansas,2020-04-21,731.0,0.0
Arkansas,2020-04-14,61.0,0.0
Arkansas,2020-04-07,0.0,0.0
Arkansas,2020-04-01,0.0,0.0
Arkansas,2020-03-26,0.0,0.0
Arizona,2021-03-16,12176.0,51.0
Arizona,2021-02-16,11860.0,51.0
Arizona,2021-02-09,11611.0,50.0
Arizona,2021-02-02,10924.0,48.0
Arizona,2021-01-26,9547.0,47.0
Arizona,2021-01-19,8778.0,45.0
Arizona,2021-01-12,8042.0,44.0
Arizona,2021-01-05,7608.0,39.0
Arizona,2020-12-29,6415.0,34.0
Arizona,2020-12-22,6249.0,34.0
Arizona,2020-12-15,5463.0,33.0
Arizona,2020-12-08,4293.0,32.0
Arizona,2020-12-01,3176.0,28.0
Arizona,2020-11-24,2954.0,28.0
Arizona,2020-11-17,2815.0,28.0
Arizona,2020-11-10,2667.0,28.0
Arizona,2020-11-03,2648.0,28.0
Arizona,2020-10-27,2636.0,28.0
Arizona,2020-10-20,2621.0,28.0
Arizona,2020-10-13,2613.0,28.0
Arizona,2020-10-06,2599.0,28.0
Arizona,2020-09-29,2586.0,28.0
Arizona,2020-09-22,2565.0,28.0
Arizona,2020-09-15,2511.0,27.0
Arizona,2020-09-08,2425.0,27.0
Arizona,2020-09-01,2131.0,27.0
Arizona,2020-08-25,1880.0,26.0
Arizona,2020-08-18,1612.0,25.0
Arizona,2020-08-11,1572.0,22.0
Arizona,2020-08-04,1429.0,21.0
Arizona,2020-07-28,824.0,16.0
Arizona,2020-07-21,684.0,13.0
Arizona,2020-07-14,569.0,13.0
Arizona,2020-07-07,481.0,13.0
Arizona,2020-06-30,421.0,9.0
Arizona,2020-06-23,349.0,9.0
Arizona,2020-06-16,265.0,8.0
Arizona,2020-06-09,242.0,7.0
Arizona,2020-06-02,193.0,7.0
Arizona,2020-05-27,183.0,7.0
Arizona,2020-05-20,151.0,6.0
Arizona,2020-05-13,121.0,5.0
Arizona,2020-05-06,69.0,5.0
Arizona,2020-04-29,50.0,2.0
Arizona,2020-04-01,0.0,0.0
Arizona,2020-03-26,0.0,0.0
Alaska,2021-03-18,2382.0,5.0
Alaska,2021-03-08,2330.0,5.0
Alaska,2021-03-02,2327.0,5.0
Alaska,2021-02-22,2316.0,5.0
Alaska,2021-02-09,2302.0,5.0
Alaska,2021-02-02,2299.0,5.0
Alaska,2021-01-25,2294.0,5.0
Alaska,2021-01-19,2269.0,5.0
Alaska,2021-01-12,2222.0,5.0
Alaska,2021-01-05,2153.0,5.0
Alaska,2020-12-28,1966.0,5.0
Alaska,2020-12-22,1905.0,3.0
Alaska,2020-12-16,1539.0,3.0
Alaska,2020-12-08,1217.0,3.0
Alaska,2020-12-01,851.0,2.0
Alaska,2020-11-24,644.0,1.0
Alaska,2020-11-18,521.0,0.0
Alaska,2020-11-10,357.0,0.0
Alaska,2020-11-03,240.0,0.0
Alaska,2020-10-27,186.0,0.0
Alaska,2020-10-20,159.0,0.0
Alaska,2020-10-12,83.0,0.0
Alaska,2020-10-07,82.0,0.0
Alaska,2020-09-29,65.0,0.0
Alaska,2020-09-23,63.0,0.0
Alaska,2020-09-14,57.0,0.0
Alaska,2020-08-26,39.0,0.0
Alaska,2020-08-18,31.0,0.0
Alaska,2020-08-11,26.0,0.0
Alaska,2020-08-04,23.0,0.0
Alaska,2020-07-28,17.0,0.0
Alaska,2020-07-22,16.0,0.0
Alaska,2020-07-14,2.0,0.0
Alaska,2020-07-07,2.0,0.0
Alaska,2020-07-01,2.0,0.0
Alaska,2020-06-23,2.0,0.0
Alaska,2020-06-16,2.0,0.0
Alaska,2020-06-09,2.0,0.0
Alaska,2020-06-03,2.0,0.0
Alaska,2020-05-27,2.0,0.0
Alaska,2020-05-21,2.0,0.0
Alaska,2020-05-12,1.0,0.0
Alaska,2020-05-06,1.0,0.0
Alaska,2020-04-29,1.0,0.0
Alaska,2020-04-22,0.0,0.0
Alaska,2020-04-15,0.0,0.0
Alaska,2020-04-08,0.0,0.0
Alaska,2020-04-01,0.0,0.0
Alaska,2020-03-26,0.0,0.0
Alabama,2021-03-08,1557.0,62.0
Alabama,2021-03-01,1530.0,61.0
Alabama,2021-02-22,1506.0,61.0
Alabama,2021-02-15,1499.0,60.0
Alabama,2021-02-08,1485.0,60.0
Alabama,2021-02-02,1413.0,60.0
Alabama,2021-01-25,1369.0,60.0
Alabama,2021-01-18,1294.0,57.0
Alabama,2021-01-12,1262.0,54.0
Alabama,2020-12-28,1161.0,54.0
Alabama,2020-12-21,1094.0,54.0
Alabama,2020-12-14,1068.0,48.0
Alabama,2020-12-09,1033.0,43.0
Alabama,2020-11-30,855.0,34.0
Alabama,2020-11-27,834.0,34.0
Alabama,2020-11-16,775.0,32.0
Alabama,2020-11-11,751.0,32.0
Alabama,2020-11-02,711.0,28.0
Alabama,2020-10-26,532.0,27.0
Alabama,2020-10-19,459.0,27.0
Alabama,2020-10-14,441.0,26.0
Alabama,2020-10-05,439.0,25.0
Alabama,2020-09-28,415.0,23.0
Alabama,2020-09-21,408.0,22.0
Alabama,2020-09-14,403.0,21.0
Alabama,2020-09-07,386.0,20.0
Alabama,2020-09-02,353.0,20.0
Alabama,2020-08-25,336.0,19.0
Alabama,2020-08-18,323.0,18.0
Alabama,2020-08-11,238.0,16.0
Alabama,2020-08-04,215.0,16.0
Alabama,2020-07-28,199.0,15.0
Alabama,2020-07-22,165.0,14.0
Alabama,2020-07-14,138.0,12.0
Alabama,2020-07-07,97.0,10.0
Alabama,2020-06-30,68.0,7.0
Alabama,2020-06-23,54.0,4.0
Alabama,2020-06-15,43.0,4.0
Alabama,2020-06-09,27.0,2.0
Alabama,2020-06-01,19.0,1.0
Alabama,2020-05-26,11.0,1.0
Alabama,2020-05-19,9.0,1.0
Alabama,2020-05-13,9.0,1.0
Alabama,2020-05-06,8.0,1.0
Alabama,2020-04-28,4.0,1.0
Alabama,2020-04-21,4.0,1.0
Alabama,2020-04-13,0.0,0.0
Alabama,2020-04-06,0.0,0.0
Alabama,2020-03-31,0.0,0.0
Alabama,2020-03-26,0.0,0.0
